survived,pclass,sex,age,sibsp,parch,fare,embarked,class,who,adult_male,alive,alone,age_z,fare_z
0,3,male,22.0,1,0,7.25,S,Third,man,True,no,False,-0.5636740664747023,-0.5002397510893574
1,1,female,38.0,1,0,71.2833,C,First,woman,False,yes,False,0.6692169576775449,0.788946607905507
1,3,female,26.0,0,0,7.925,S,Third,woman,False,yes,True,-0.2554513104366405,-0.48664993466069395
1,1,female,35.0,1,0,53.1,S,First,woman,False,yes,False,0.4380498906489985,0.4228611129909654
0,3,male,35.0,0,0,8.05,S,Third,man,True,no,True,0.4380498906489985,-0.4841333019887193
0,3,male,28.0,0,0,8.4583,Q,Third,man,True,no,True,-0.10133993241760961,-0.47591297302898106
0,1,male,54.0,0,0,51.8625,S,First,man,True,no,True,1.902107981829792,0.39794644953841574
0,3,male,2.0,3,1,21.075,S,Third,child,False,no,False,-2.104787846665011,-0.22190017756895475
1,3,female,27.0,0,2,11.1333,S,Third,woman,False,yes,False,-0.17839562142712506,-0.4220570338487224
1,2,female,14.0,1,0,30.0708,C,Second,child,False,yes,False,-1.1801195785508258,-0.040787184044554156
1,3,female,4.0,1,1,16.7,S,Third,child,False,yes,False,-1.9506764686459803,-0.3099823210880695
1,1,female,58.0,0,0,26.55,S,First,woman,False,yes,True,2.210330737867854,-0.11167166653646252
0,3,male,20.0,0,0,8.05,S,Third,man,True,no,True,-0.7177854444937332,-0.4841333019887193
0,3,male,39.0,1,5,31.275,S,Third,man,True,no,False,0.7462726466870603,-0.016542951535818605
0,3,female,14.0,0,0,7.8542,S,Third,child,False,no,True,-1.1801195785508258,-0.4880753554061005
1,2,female,55.0,0,0,16.0,S,Second,woman,False,yes,True,1.9791636708393074,-0.32407546405112786
0,3,male,2.0,4,1,29.125,Q,Third,child,False,no,False,-2.104787846665011,-0.05982903349378355
1,2,male,28.0,0,0,13.0,S,Second,man,True,yes,True,-0.10133993241760961,-0.38447464817852084
0,3,female,31.0,1,0,18.0,S,Third,woman,False,no,False,0.12982713461093673,-0.28380934129953256
1,3,female,28.0,0,0,7.225,C,Third,woman,False,yes,True,-0.10133993241760961,-0.5007430776237524
0,2,male,35.0,0,0,26.0,S,Second,man,True,no,True,0.4380498906489985,-0.12274485029315124
1,2,male,34.0,0,0,13.0,S,Second,man,True,yes,True,0.36099420163948304,-0.38447464817852084
1,3,female,15.0,0,0,8.0292,Q,Third,child,False,yes,True,-1.1030638895413103,-0.48455206966533587
1,1,male,28.0,0,0,35.5,S,First,man,True,yes,True,-0.10133993241760961,0.06851923277692655
0,3,female,8.0,3,1,21.075,S,Third,child,False,no,False,-1.6424537126079184,-0.22190017756895475
1,3,female,38.0,1,5,31.3875,S,Third,woman,False,yes,False,0.6692169576775449,-0.014277982131041355
0,3,male,28.0,0,0,7.225,C,Third,man,True,no,True,-0.10133993241760961,-0.5007430776237524
0,1,male,19.0,3,2,263.0,S,First,man,True,no,False,-0.7948411335032486,4.648790695770894
1,3,female,28.0,0,0,7.8792,Q,Third,woman,False,yes,True,-0.10133993241760961,-0.4875720288717055
0,3,male,28.0,0,0,7.8958,S,Third,man,True,no,True,-0.10133993241760961,-0.48723782005286725
0,1,male,40.0,0,0,27.7208,C,First,man,True,no,True,0.8233283356965757,-0.08809987827767862
1,1,female,28.0,1,0,146.5208,C,First,woman,False,yes,False,-0.10133993241760961,2.3037078131670836
1,3,female,28.0,0,0,7.75,Q,Third,woman,False,yes,True,-0.10133993241760961,-0.49017322040145855
0,2,male,66.0,0,0,10.5,S,Second,man,True,no,True,2.8267762499439777,-0.434807301618015
0,1,male,28.0,1,0,82.1708,C,First,man,True,no,False,-0.10133993241760961,1.008145313634504
0,1,male,42.0,1,0,52.0,S,First,man,True,no,False,0.9774397137156066,0.40071474547758795
1,3,male,28.0,0,0,7.2292,C,Third,man,True,yes,True,-0.10133993241760961,-0.500658518765974
0,3,male,21.0,0,0,8.05,S,Third,man,True,no,True,-0.6407297554842177,-0.4841333019887193
0,3,female,18.0,2,0,18.0,S,Third,woman,False,no,False,-0.871896822512764,-0.28380934129953256
1,3,female,14.0,1,0,11.2417,C,Third,child,False,yes,False,-1.1801195785508258,-0.41987460999558585
0,3,female,40.0,1,0,9.475,S,Third,woman,False,no,False,0.8233283356965757,-0.4554436895282076
0,2,female,27.0,1,0,21.0,S,Second,woman,False,no,False,-0.17839562142712506,-0.22341015717213955
0,3,male,28.0,0,0,7.8958,C,Third,man,True,no,True,-0.10133993241760961,-0.48723782005286725
1,2,female,3.0,1,2,41.5792,C,Second,child,False,yes,False,-2.0277321576554956,0.1909121394926757
1,3,female,19.0,0,0,7.8792,Q,Third,woman,False,yes,True,-0.7948411335032486,-0.4875720288717055
0,3,male,28.0,0,0,8.05,S,Third,man,True,no,True,-0.10133993241760961,-0.4841333019887193
0,3,male,28.0,1,0,15.5,Q,Third,man,True,no,False,-0.10133993241760961,-0.33414199473902667
1,3,female,28.0,0,0,7.75,Q,Third,woman,False,yes,True,-0.10133993241760961,-0.49017322040145855
0,3,male,28.0,2,0,21.6792,C,Third,man,True,no,False,-0.10133993241760961,-0.20973578188569775
0,3,female,18.0,1,0,17.8,S,Third,woman,False,no,False,-0.871896822512764,-0.28783595357469205
0,3,male,7.0,4,1,39.6875,S,Third,child,False,no,False,-1.719509401617434,0.15282642728807924
0,3,male,21.0,0,0,7.8,S,Third,man,True,no,True,-0.6407297554842177,-0.48916656733266867
1,1,female,49.0,1,0,76.7292,C,First,woman,False,yes,False,1.5168295367822147,0.8985892468519636
1,2,female,29.0,1,0,26.0,S,Second,woman,False,yes,False,-0.024284243408094167,-0.12274485029315124
0,1,male,65.0,0,1,61.9792,C,First,man,True,no,False,2.749720560934462,0.6016265915589479
1,1,male,28.0,0,0,35.5,S,First,man,True,yes,True,-0.10133993241760961,0.06851923277692655
1,2,female,21.0,0,0,10.5,S,Second,woman,False,yes,True,-0.6407297554842177,-0.434807301618015
0,3,male,28.5,0,0,7.2292,C,Third,man,True,no,True,-0.0628120879128519,-0.500658518765974
1,2,female,5.0,1,2,27.75,S,Second,child,False,yes,False,-1.8736207796364648,-0.08751199288550533
0,3,male,11.0,5,2,46.9,S,Third,child,False,no,False,-1.4112866455793722,0.29803613246101984
0,3,male,22.0,0,0,7.2292,C,Third,man,True,no,True,-0.5636740664747023,-0.500658518765974
0,1,male,45.0,1,0,83.475,S,First,man,True,no,False,1.208606780744153,1.0344028522808193
0,3,male,4.0,3,2,27.9,S,Third,child,False,no,False,-1.9506764686459803,-0.08449203367913571
0,1,male,28.0,0,0,27.7208,C,First,man,True,no,True,-0.10133993241760961,-0.08809987827767862
1,3,male,28.0,1,1,15.2458,C,Third,man,True,yes,False,-0.10133993241760961,-0.33925981894075447
1,2,female,29.0,0,0,10.5,S,Second,woman,False,yes,True,-0.024284243408094167,-0.434807301618015
0,3,male,19.0,0,0,8.1583,S,Third,man,True,no,True,-0.7948411335032486,-0.4819528914417204
1,3,female,17.0,4,2,7.925,S,Third,woman,False,yes,False,-0.9489525115222794,-0.48664993466069395
0,3,male,26.0,2,0,8.6625,S,Third,man,True,no,False,-0.2554513104366405,-0.4718018018960432
0,2,male,32.0,0,0,10.5,S,Second,man,True,no,True,0.20688282362045216,-0.434807301618015
0,3,female,16.0,5,2,46.9,S,Third,woman,False,no,False,-1.026008200531795,0.29803613246101984
0,2,male,21.0,0,0,73.5,S,Second,man,True,no,True,-0.6407297554842177,0.8335755650572377
0,3,male,26.0,1,0,14.4542,C,Third,man,True,no,False,-0.2554513104366405,-0.3551971503258359
1,3,male,32.0,0,0,56.4958,S,Third,man,True,yes,True,0.20688282362045216,0.4912289628108992
0,3,male,25.0,0,0,7.65,S,Third,man,True,no,True,-0.3325069994461559,-0.4921865265390384
0,3,male,28.0,0,0,7.8958,S,Third,man,True,no,True,-0.10133993241760961,-0.48723782005286725
0,3,male,28.0,0,0,8.05,S,Third,man,True,no,True,-0.10133993241760961,-0.4841333019887193
1,2,male,0.83,0,2,29.0,S,Second,child,False,yes,False,-2.1949430028061445,-0.06234566616575826
1,3,female,30.0,0,0,12.475,S,Third,woman,False,yes,True,0.052771445601421274,-0.3950445054008146
0,3,male,22.0,0,0,9.0,S,Third,man,True,no,True,-0.5636740664747023,-0.4650068936817115
1,3,male,29.0,0,0,9.5,S,Third,man,True,yes,True,-0.024284243408094167,-0.4549403629938127
1,3,female,28.0,0,0,7.7875,Q,Third,woman,False,yes,True,-0.10133993241760961,-0.4894182305998661
0,1,male,28.0,0,0,47.1,S,First,man,True,no,True,-0.10133993241760961,0.30206274473617944
1,2,female,17.0,0,0,10.5,S,Second,woman,False,yes,True,-0.9489525115222794,-0.434807301618015
1,3,female,33.0,3,0,15.85,S,Third,woman,False,yes,False,0.2839385126299676,-0.32709542325749746
0,3,male,16.0,1,3,34.375,S,Third,man,True,no,False,-1.026008200531795,0.045869538729154176
0,3,male,28.0,0,0,8.05,S,Third,man,True,no,True,-0.10133993241760961,-0.4841333019887193
1,1,female,23.0,3,2,263.0,S,First,woman,False,yes,False,-0.4866183774651868,4.648790695770894
0,3,male,24.0,0,0,8.05,S,Third,man,True,no,True,-0.4095626884556714,-0.4841333019887193
0,3,male,29.0,0,0,8.05,S,Third,man,True,no,True,-0.024284243408094167,-0.4841333019887193
0,3,male,20.0,0,0,7.8542,S,Third,man,True,no,True,-0.7177854444937332,-0.4880753554061005
0,1,male,46.0,1,0,61.175,S,First,man,True,no,False,1.2856624697536683,0.5854355836005315
0,3,male,26.0,1,2,20.575,S,Third,man,True,no,False,-0.2554513104366405,-0.2319667082568536
0,3,male,59.0,0,0,7.25,S,Third,man,True,no,True,2.287386426877369,-0.5002397510893574
0,3,male,28.0,0,0,8.05,S,Third,man,True,no,True,-0.10133993241760961,-0.4841333019887193
0,1,male,71.0,0,0,34.6542,C,First,man,True,no,True,3.2120546949915547,0.05149068946527694
1,1,male,23.0,0,1,63.3583,C,First,man,True,yes,False,-0.4866183774651868,0.6293920965023105
1,2,female,34.0,0,1,23.0,S,Second,woman,False,yes,False,0.36099420163948304,-0.18314403442054422
0,2,male,34.0,1,0,26.0,S,Second,man,True,no,False,0.36099420163948304,-0.12274485029315124
0,3,female,28.0,0,0,7.8958,S,Third,woman,False,no,True,-0.10133993241760961,-0.48723782005286725
0,3,male,28.0,0,0,7.8958,S,Third,man,True,no,True,-0.10133993241760961,-0.48723782005286725
0,1,male,21.0,0,1,77.2875,S,First,man,True,no,False,-0.6407297554842177,0.9098295350180712
0,3,male,33.0,0,0,8.6542,S,Third,man,True,no,True,0.2839385126299676,-0.47196890630546234
0,3,male,37.0,2,0,7.925,S,Third,man,True,no,False,0.5921612686680294,-0.48664993466069395
0,3,male,28.0,0,0,7.8958,S,Third,man,True,no,True,-0.10133993241760961,-0.48723782005286725
1,3,female,21.0,0,0,7.65,S,Third,woman,False,yes,True,-0.6407297554842177,-0.4921865265390384
1,3,male,28.0,0,0,7.775,S,Third,man,True,yes,True,-0.10133993241760961,-0.48966989386706367
0,3,male,38.0,0,0,7.8958,S,Third,man,True,no,True,0.6692169576775449,-0.48723782005286725
1,3,female,28.0,1,0,24.15,Q,Third,woman,False,yes,False,-0.10133993241760961,-0.15999101383837694
0,1,male,47.0,0,0,52.0,S,First,man,True,no,True,1.3627181587631838,0.40071474547758795
0,3,female,14.5,1,0,14.4542,C,Third,child,False,no,False,-1.1415917340460682,-0.3551971503258359
0,3,male,22.0,0,0,8.05,S,Third,man,True,no,True,-0.5636740664747023,-0.4841333019887193
0,3,female,20.0,1,0,9.825,S,Third,woman,False,no,False,-0.7177854444937332,-0.4483971180466784
0,3,female,17.0,0,0,14.4583,C,Third,woman,False,no,True,-0.9489525115222794,-0.3551146047741951
0,3,male,21.0,0,0,7.925,S,Third,man,True,no,True,-0.6407297554842177,-0.48664993466069395
0,3,male,70.5,0,0,7.75,Q,Third,man,True,no,True,3.173526850486797,-0.49017322040145855
0,2,male,29.0,1,0,21.0,S,Second,man,True,no,False,-0.024284243408094167,-0.22341015717213955
0,1,male,24.0,0,1,247.5208,C,First,man,True,no,False,-0.4095626884556714,4.337147012122648
0,3,female,2.0,4,2,31.275,S,Third,child,False,no,False,-2.104787846665011,-0.016542951535818605
0,2,male,21.0,2,0,73.5,S,Second,man,True,no,False,-0.6407297554842177,0.8335755650572377
0,3,male,28.0,0,0,8.05,S,Third,man,True,no,True,-0.10133993241760961,-0.4841333019887193
0,2,male,32.5,1,0,30.0708,C,Second,man,True,no,False,0.2454106681252099,-0.040787184044554156
1,2,female,32.5,0,0,13.0,S,Second,woman,False,yes,True,0.2454106681252099,-0.38447464817852084
0,1,male,54.0,0,1,77.2875,S,First,man,True,no,False,1.902107981829792,0.9098295350180712
1,3,male,12.0,1,0,11.2417,C,Third,child,False,yes,False,-1.3342309565698567,-0.41987460999558585
0,3,male,28.0,0,0,7.75,Q,Third,man,True,no,True,-0.10133993241760961,-0.49017322040145855
1,3,male,24.0,0,0,7.1417,S,Third,man,True,yes,True,-0.4095626884556714,-0.5024201616363563
1,3,female,28.0,1,1,22.3583,C,Third,woman,False,yes,False,-0.10133993241760961,-0.19606341990539358
0,3,male,45.0,0,0,6.975,S,Third,man,True,no,True,1.208606780744153,-0.5057763429677017
0,3,male,33.0,0,0,7.8958,C,Third,man,True,no,True,0.2839385126299676,-0.48723782005286725
0,3,male,20.0,0,0,7.05,S,Third,man,True,no,True,-0.7177854444937332,-0.5042663633645169
0,3,female,47.0,1,0,14.5,S,Third,woman,False,no,False,1.3627181587631838,-0.35427505611482435
1,2,female,29.0,1,0,26.0,S,Second,woman,False,yes,False,-0.024284243408094167,-0.12274485029315124
0,2,male,25.0,0,0,13.0,S,Second,man,True,no,True,-0.3325069994461559,-0.38447464817852084
0,2,male,23.0,0,0,15.0458,C,Second,man,True,no,True,-0.4866183774651868,-0.343286431215914
1,1,female,19.0,0,2,26.2833,S,First,woman,False,yes,False,-0.7948411335032486,-0.11704115400538775
0,1,male,37.0,1,0,53.1,S,First,man,True,no,False,0.5921612686680294,0.4228611129909654
0,3,male,16.0,0,0,9.2167,S,Third,man,True,no,True,-1.026008200531795,-0.46064405928157615
0,1,male,24.0,0,0,79.2,C,First,man,True,no,True,-0.4095626884556714,0.9483340148992845
0,3,female,28.0,0,2,15.2458,C,Third,woman,False,no,False,-0.10133993241760961,-0.33925981894075447
1,3,female,22.0,0,0,7.75,S,Third,woman,False,yes,True,-0.5636740664747023,-0.49017322040145855
1,3,female,24.0,1,0,15.85,S,Third,woman,False,yes,False,-0.4095626884556714,-0.32709542325749746
0,3,male,19.0,0,0,6.75,Q,Third,man,True,no,True,-0.7948411335032486,-0.5103062817772562
0,2,male,18.0,0,0,11.5,S,Second,man,True,no,True,-0.871896822512764,-0.41467424024221733
0,2,male,19.0,1,1,36.75,S,Second,man,True,no,False,-0.7948411335032486,0.09368555949667362
1,3,male,27.0,0,0,7.7958,S,Third,man,True,yes,True,-0.17839562142712506,-0.489251126190447
0,3,female,9.0,2,2,34.375,S,Third,child,False,no,False,-1.565398023598403,0.045869538729154176
0,2,male,36.5,0,2,26.0,S,Second,man,True,no,False,0.5536334241632717,-0.12274485029315124
0,2,male,42.0,0,0,13.0,S,Second,man,True,no,True,0.9774397137156066,-0.38447464817852084
0,2,male,51.0,0,0,12.525,S,Second,man,True,no,True,1.6709409148012455,-0.39403785233202476
1,1,female,22.0,1,0,66.6,S,First,woman,False,yes,False,-0.5636740664747023,0.6946574415642337
0,3,male,55.5,0,0,8.05,S,Third,man,True,no,True,2.017691515344065,-0.4841333019887193
0,3,male,40.5,0,2,14.5,S,Third,man,True,no,False,0.8618561802013335,-0.35427505611482435
0,3,male,28.0,0,0,7.3125,S,Third,man,True,no,True,-0.10133993241760961,-0.49898143475337003
0,1,male,51.0,0,1,61.3792,C,First,man,True,no,False,1.6709409148012455,0.5895467547334693
1,3,female,16.0,0,0,7.7333,Q,Third,woman,False,yes,True,-1.026008200531795,-0.4905094425264344
0,3,male,30.0,0,0,8.05,S,Third,man,True,no,True,0.052771445601421274,-0.4841333019887193
0,3,male,28.0,0,0,8.6625,S,Third,man,True,no,True,-0.10133993241760961,-0.4718018018960432
0,3,male,28.0,8,2,69.55,S,Third,man,True,no,False,-0.10133993241760961,0.7540499726228369
0,3,male,44.0,0,1,16.1,S,Third,man,True,no,False,1.1315510917346374,-0.3220621579135481
1,2,female,40.0,0,0,15.75,S,Second,woman,False,yes,True,0.8233283356965757,-0.3291087293950773
0,3,male,26.0,0,0,7.775,S,Third,man,True,no,True,-0.2554513104366405,-0.48966989386706367
0,3,male,17.0,0,0,8.6625,S,Third,man,True,no,True,-0.9489525115222794,-0.4718018018960432
0,3,male,1.0,4,1,39.6875,S,Third,child,False,no,False,-2.1818435356745267,0.15282642728807924
1,3,male,9.0,0,2,20.525,S,Third,child,False,yes,False,-1.565398023598403,-0.23297336132564347
1,1,female,28.0,0,1,55.0,S,First,woman,False,yes,False,-0.10133993241760961,0.46111392960498093
0,3,female,45.0,1,4,27.9,S,Third,woman,False,no,False,1.208606780744153,-0.08449203367913571
0,1,male,28.0,0,0,25.925,S,First,man,True,no,True,-0.10133993241760961,-0.12425482989633606
0,3,male,28.0,0,0,56.4958,S,Third,man,True,no,True,-0.10133993241760961,0.4912289628108992
0,1,male,61.0,0,0,33.5,S,First,man,True,no,True,2.4414978048964002,0.02825311002533122
0,3,male,4.0,4,1,29.125,Q,Third,child,False,no,False,-1.9506764686459803,-0.05982903349378355
1,3,female,1.0,1,1,11.1333,S,Third,child,False,yes,False,-2.1818435356745267,-0.4220570338487224
0,3,male,21.0,0,0,7.925,S,Third,man,True,no,True,-0.6407297554842177,-0.48664993466069395
0,1,male,56.0,0,0,30.6958,C,First,man,True,no,True,2.0562193598488228,-0.028204020684680614
0,3,male,18.0,1,1,7.8542,S,Third,man,True,no,False,-0.871896822512764,-0.4880753554061005
0,3,male,28.0,3,1,25.4667,S,Third,man,True,no,False,-0.10133993241760961,-0.13348181192486414
0,1,female,50.0,0,0,28.7125,C,First,woman,False,no,True,1.5938852257917302,-0.06813392131130011
0,2,male,30.0,0,0,13.0,S,Second,man,True,no,True,0.052771445601421274,-0.38447464817852084
0,3,male,36.0,0,0,0.0,S,Third,man,True,no,True,0.5151055796585139,-0.6462044460638905
0,3,female,28.0,8,2,69.55,S,Third,woman,False,no,False,-0.10133993241760961,0.7540499726228369
0,2,male,28.0,0,0,15.05,C,Second,man,True,no,True,-0.10133993241760961,-0.34320187235813565
0,3,male,9.0,4,2,31.3875,S,Third,child,False,no,False,-1.565398023598403,-0.014277982131041355
1,2,male,1.0,2,1,39.0,S,Second,child,False,yes,False,-2.1818435356745267,0.13898494759221836
1,3,female,4.0,0,2,22.025,S,Third,child,False,yes,False,-1.9506764686459803,-0.20277376926194698
0,1,male,28.0,0,0,50.0,S,First,man,True,no,True,-0.10133993241760961,0.36044862272599265
1,3,female,28.0,1,0,15.5,Q,Third,woman,False,yes,False,-0.10133993241760961,-0.33414199473902667
1,1,male,45.0,0,0,26.55,S,First,man,True,yes,True,1.208606780744153,-0.11167166653646252
0,3,male,40.0,1,1,15.5,Q,Third,man,True,no,False,0.8233283356965757,-0.33414199473902667
0,3,male,36.0,0,0,7.8958,S,Third,man,True,no,True,0.5151055796585139,-0.48723782005286725
1,2,female,32.0,0,0,13.0,S,Second,woman,False,yes,True,0.20688282362045216,-0.38447464817852084
0,2,male,19.0,0,0,13.0,S,Second,man,True,no,True,-0.7948411335032486,-0.38447464817852084
1,3,female,19.0,1,0,7.8542,S,Third,woman,False,yes,False,-0.7948411335032486,-0.4880753554061005
1,2,male,3.0,1,1,26.0,S,Second,child,False,yes,False,-2.0277321576554956,-0.12274485029315124
1,1,female,44.0,0,0,27.7208,C,First,woman,False,yes,True,1.1315510917346374,-0.08809987827767862
1,1,female,58.0,0,0,146.5208,C,First,woman,False,yes,True,2.210330737867854,2.3037078131670836
0,3,male,28.0,0,0,7.75,Q,Third,man,True,no,True,-0.10133993241760961,-0.49017322040145855
0,3,male,42.0,0,1,8.4042,S,Third,man,True,no,False,0.9774397137156066,-0.4770021716494118
1,3,female,28.0,0,0,7.75,Q,Third,woman,False,yes,True,-0.10133993241760961,-0.49017322040145855
0,2,female,24.0,0,0,13.0,S,Second,woman,False,no,True,-0.4095626884556714,-0.38447464817852084
0,3,male,28.0,0,0,9.5,S,Third,man,True,no,True,-0.10133993241760961,-0.4549403629938127
0,3,male,28.0,8,2,69.55,S,Third,man,True,no,False,-0.10133993241760961,0.7540499726228369
0,3,male,34.0,0,0,6.4958,S,Third,man,True,no,True,0.36099420163948304,-0.515424105978984
0,3,male,45.5,0,0,7.225,C,Third,man,True,no,True,1.2471346252489106,-0.5007430776237524
1,3,male,18.0,0,0,8.05,S,Third,man,True,yes,True,-0.871896822512764,-0.4841333019887193
0,3,female,2.0,0,1,10.4625,S,Third,child,False,no,False,-2.104787846665011,-0.43556229141960745
0,3,male,32.0,1,0,15.85,S,Third,man,True,no,False,0.20688282362045216,-0.32709542325749746
1,3,male,26.0,0,0,18.7875,C,Third,man,True,yes,True,-0.2554513104366405,-0.26795455546609187
1,3,female,16.0,0,0,7.75,Q,Third,woman,False,yes,True,-1.026008200531795,-0.49017322040145855
1,1,male,40.0,0,0,31.0,C,First,man,True,yes,True,0.8233283356965757,-0.022079543414162937
0,3,male,24.0,0,0,7.05,S,Third,man,True,no,True,-0.4095626884556714,-0.5042663633645169
1,2,female,35.0,0,0,21.0,S,Second,woman,False,yes,True,0.4380498906489985,-0.22341015717213955
0,3,male,22.0,0,0,7.25,S,Third,man,True,no,True,-0.5636740664747023,-0.5002397510893574
0,2,male,30.0,0,0,13.0,S,Second,man,True,no,True,0.052771445601421274,-0.38447464817852084
0,3,male,28.0,1,0,7.75,Q,Third,man,True,no,False,-0.10133993241760961,-0.49017322040145855
1,1,female,31.0,1,0,113.275,C,First,woman,False,yes,False,0.12982713461093673,1.6343680812795898
1,3,female,27.0,0,0,7.925,S,Third,woman,False,yes,True,-0.17839562142712506,-0.48664993466069395
0,2,male,42.0,1,0,27.0,S,Second,man,True,no,False,0.9774397137156066,-0.10261178891735358
1,1,female,32.0,0,0,76.2917,C,First,woman,False,yes,True,0.20688282362045216,0.8897810325000521
0,2,male,30.0,0,0,10.5,S,Second,man,True,no,True,0.052771445601421274,-0.434807301618015
1,3,male,16.0,0,0,8.05,S,Third,man,True,yes,True,-1.026008200531795,-0.4841333019887193
0,2,male,27.0,0,0,13.0,S,Second,man,True,no,True,-0.17839562142712506,-0.38447464817852084
0,3,male,51.0,0,0,8.05,S,Third,man,True,no,True,1.6709409148012455,-0.4841333019887193
0,3,male,28.0,0,0,7.8958,S,Third,man,True,no,True,-0.10133993241760961,-0.48723782005286725
1,1,male,38.0,1,0,90.0,S,First,man,True,yes,False,0.6692169576775449,1.1657710777578991
0,3,male,22.0,0,0,9.35,S,Third,man,True,no,True,-0.5636740664747023,-0.4579603222001823
1,2,male,19.0,0,0,10.5,S,Second,man,True,yes,True,-0.7948411335032486,-0.434807301618015
0,3,male,20.5,0,0,7.25,S,Third,man,True,no,True,-0.6792575999889754,-0.5002397510893574
0,2,male,18.0,0,0,13.0,S,Second,man,True,no,True,-0.871896822512764,-0.38447464817852084
0,3,female,28.0,3,1,25.4667,S,Third,woman,False,no,False,-0.10133993241760961,-0.13348181192486414
1,1,female,35.0,1,0,83.475,S,First,woman,False,yes,False,0.4380498906489985,1.0344028522808193
0,3,male,29.0,0,0,7.775,S,Third,man,True,no,True,-0.024284243408094167,-0.48966989386706367
0,2,male,59.0,0,0,13.5,S,Second,man,True,no,True,2.287386426877369,-0.374408117490622
1,3,female,5.0,4,2,31.3875,S,Third,child,False,yes,False,-1.8736207796364648,-0.014277982131041355
0,2,male,24.0,0,0,10.5,S,Second,man,True,no,True,-0.4095626884556714,-0.434807301618015
0,3,female,28.0,0,0,7.55,S,Third,woman,False,no,True,-0.10133993241760961,-0.4941998326766181
0,2,male,44.0,1,0,26.0,S,Second,man,True,no,False,1.1315510917346374,-0.12274485029315124
1,2,female,8.0,0,2,26.25,S,Second,child,False,yes,False,-1.6424537126079184,-0.11771158494920184
0,2,male,19.0,0,0,10.5,S,Second,man,True,no,True,-0.7948411335032486,-0.434807301618015
0,2,male,33.0,0,0,12.275,S,Second,man,True,no,True,0.2839385126299676,-0.3990711176759742
0,3,female,28.0,1,0,14.4542,C,Third,woman,False,no,False,-0.10133993241760961,-0.3551971503258359
1,3,female,28.0,1,0,15.5,Q,Third,woman,False,yes,False,-0.10133993241760961,-0.33414199473902667
0,2,male,29.0,0,0,10.5,S,Second,man,True,no,True,-0.024284243408094167,-0.434807301618015
0,3,male,22.0,0,0,7.125,S,Third,man,True,no,True,-0.5636740664747023,-0.5027563837613321
0,3,male,30.0,0,0,7.225,C,Third,man,True,no,True,0.052771445601421274,-0.5007430776237524
0,1,male,44.0,2,0,90.0,Q,First,man,True,no,False,1.1315510917346374,1.1657710777578991
0,3,female,25.0,0,0,7.775,S,Third,woman,False,no,True,-0.3325069994461559,-0.48966989386706367
1,2,female,24.0,0,2,14.5,S,Second,woman,False,yes,False,-0.4095626884556714,-0.35427505611482435
1,1,male,37.0,1,1,52.5542,S,First,man,True,yes,False,0.5921612686680294,0.41187248809205507
0,2,male,54.0,1,0,26.0,S,Second,man,True,no,False,1.902107981829792,-0.12274485029315124
0,3,male,28.0,0,0,7.25,S,Third,man,True,no,True,-0.10133993241760961,-0.5002397510893574
0,3,female,29.0,1,1,10.4625,S,Third,woman,False,no,False,-0.024284243408094167,-0.43556229141960745
0,1,male,62.0,0,0,26.55,S,First,man,True,no,True,2.5185534939059155,-0.11167166653646252
0,3,male,30.0,1,0,16.1,S,Third,man,True,no,False,0.052771445601421274,-0.3220621579135481
0,3,female,41.0,0,2,20.2125,S,Third,woman,False,no,False,0.9003840247060911,-0.23926494300558024
1,3,female,29.0,0,2,15.2458,C,Third,woman,False,yes,False,-0.024284243408094167,-0.33925981894075447
1,1,female,28.0,0,0,79.2,C,First,woman,False,yes,True,-0.10133993241760961,0.9483340148992845
1,1,female,30.0,0,0,86.5,S,First,woman,False,yes,True,0.052771445601421274,1.0953053629426073
1,1,female,35.0,0,0,512.3292,C,First,woman,False,yes,True,0.4380498906489985,9.668550782149426
1,2,female,50.0,0,1,26.0,S,Second,woman,False,yes,False,1.5938852257917302,-0.12274485029315124
0,3,male,28.0,0,0,7.75,Q,Third,man,True,no,True,-0.10133993241760961,-0.49017322040145855
1,3,male,3.0,4,2,31.3875,S,Third,child,False,yes,False,-2.0277321576554956,-0.014277982131041355
0,1,male,52.0,1,1,79.65,S,First,man,True,no,False,1.747996603810761,0.9573938925183935
0,1,male,40.0,0,0,0.0,S,First,man,True,no,True,0.8233283356965757,-0.6462044460638905
0,3,female,28.0,0,0,7.75,Q,Third,woman,False,no,True,-0.10133993241760961,-0.49017322040145855
0,2,male,36.0,0,0,10.5,S,Second,man,True,no,True,0.5151055796585139,-0.434807301618015
0,3,male,16.0,4,1,39.6875,S,Third,man,True,no,False,-1.026008200531795,0.15282642728807924
1,3,male,25.0,1,0,7.775,S,Third,man,True,yes,False,-0.3325069994461559,-0.48966989386706367
1,1,female,58.0,0,1,153.4625,S,First,woman,False,yes,False,2.210330737867854,2.443465485319458
1,1,female,35.0,0,0,135.6333,S,First,woman,False,yes,True,0.4380498906489985,2.084509107438086
0,1,male,28.0,0,0,31.0,S,First,man,True,no,True,-0.10133993241760961,-0.022079543414162937
1,3,male,25.0,0,0,0.0,S,Third,man,True,yes,True,-0.3325069994461559,-0.6462044460638905
1,2,female,41.0,0,1,19.5,S,Second,woman,False,yes,False,0.9003840247060911,-0.25360974923583607
0,1,male,37.0,0,1,29.7,C,First,man,True,no,False,0.5921612686680294,-0.04825252320269991
1,3,female,28.0,0,0,7.75,Q,Third,woman,False,yes,True,-0.10133993241760961,-0.49017322040145855
1,1,female,63.0,1,0,77.9583,S,First,woman,False,yes,False,2.5956091829154313,0.9233347925889563
0,3,female,45.0,0,0,7.75,S,Third,woman,False,no,True,1.208606780744153,-0.49017322040145855
0,2,male,28.0,0,0,0.0,S,Second,man,True,no,True,-0.10133993241760961,-0.6462044460638905
0,3,male,7.0,4,1,29.125,Q,Third,child,False,no,False,-1.719509401617434,-0.05982903349378355
1,3,female,35.0,1,1,20.25,S,Third,woman,False,yes,False,0.4380498906489985,-0.2385099532039878
0,3,male,65.0,0,0,7.75,Q,Third,man,True,no,True,2.749720560934462,-0.49017322040145855
0,3,male,28.0,0,0,7.8542,S,Third,man,True,no,True,-0.10133993241760961,-0.4880753554061005
0,3,male,16.0,0,0,9.5,S,Third,man,True,no,True,-1.026008200531795,-0.4549403629938127
1,3,male,19.0,0,0,8.05,S,Third,man,True,yes,True,-0.7948411335032486,-0.4841333019887193
0,1,male,28.0,0,0,26.0,S,First,man,True,no,True,-0.10133993241760961,-0.12274485029315124
0,3,male,33.0,0,0,8.6625,C,Third,man,True,no,True,0.2839385126299676,-0.4718018018960432
1,3,male,30.0,0,0,9.5,S,Third,man,True,yes,True,0.052771445601421274,-0.4549403629938127
0,3,male,22.0,0,0,7.8958,S,Third,man,True,no,True,-0.5636740664747023,-0.48723782005286725
1,2,male,42.0,0,0,13.0,S,Second,man,True,yes,True,0.9774397137156066,-0.38447464817852084
1,3,female,22.0,0,0,7.75,Q,Third,woman,False,yes,True,-0.5636740664747023,-0.49017322040145855
1,1,female,26.0,0,0,78.85,S,First,woman,False,yes,True,-0.2554513104366405,0.941287443417755
1,1,female,19.0,1,0,91.0792,C,First,woman,False,yes,False,-0.7948411335032486,1.1874986775946599
0,2,male,36.0,0,0,12.875,C,Second,man,True,no,True,0.5151055796585139,-0.38699128085049556
0,3,female,24.0,0,0,8.85,S,Third,woman,False,no,True,-0.4095626884556714,-0.4680268528880811
0,3,male,24.0,0,0,7.8958,S,Third,man,True,no,True,-0.4095626884556714,-0.48723782005286725
0,1,male,28.0,0,0,27.7208,C,First,man,True,no,True,-0.10133993241760961,-0.08809987827767862
0,3,male,23.5,0,0,7.2292,C,Third,man,True,no,True,-0.4480905329604291,-0.500658518765974
0,1,female,2.0,1,2,151.55,S,First,child,False,no,False,-2.104787846665011,2.404961005438245
1,1,male,28.0,0,0,30.5,S,First,man,True,yes,True,-0.10133993241760961,-0.032146074102061765
1,1,female,50.0,0,1,247.5208,C,First,woman,False,yes,False,1.5938852257917302,4.337147012122648
1,3,female,28.0,0,0,7.75,Q,Third,woman,False,yes,True,-0.10133993241760961,-0.49017322040145855
1,3,male,28.0,2,0,23.25,Q,Third,man,True,yes,False,-0.10133993241760961,-0.17811076907659482
0,3,male,19.0,0,0,0.0,S,Third,man,True,no,True,-0.7948411335032486,-0.6462044460638905
1,2,female,28.0,0,0,12.35,Q,Second,woman,False,yes,True,-0.10133993241760961,-0.3975611380727893
0,3,male,28.0,0,0,8.05,S,Third,man,True,no,True,-0.10133993241760961,-0.4841333019887193
1,1,male,0.92,1,2,151.55,S,First,child,False,yes,False,-2.188007990795288,2.404961005438245
1,1,female,28.0,0,0,110.8833,C,First,woman,False,yes,True,-0.10133993241760961,1.5862158383870948
1,1,female,17.0,1,0,108.9,C,First,woman,False,yes,False,-0.9489525115222794,1.546285937760475
0,2,male,30.0,1,0,24.0,C,Second,man,True,no,False,0.052771445601421274,-0.16301097304474657
1,1,female,30.0,0,0,56.9292,C,First,woman,False,yes,True,0.052771445601421274,0.4999546316111698
1,1,female,24.0,0,0,83.1583,C,First,woman,False,yes,True,-0.4095626884556714,1.0280267117431041
1,1,female,18.0,2,2,262.375,C,First,woman,False,yes,False,-0.871896822512764,4.636207532411021
0,2,female,26.0,1,1,26.0,S,Second,woman,False,no,False,-0.2554513104366405,-0.12274485029315124
0,3,male,28.0,0,0,7.8958,S,Third,man,True,no,True,-0.10133993241760961,-0.48723782005286725
0,2,male,43.0,1,1,26.25,S,Second,man,True,no,False,1.054495402725122,-0.11771158494920184
1,3,female,26.0,0,0,7.8542,S,Third,woman,False,yes,True,-0.2554513104366405,-0.4880753554061005
1,2,female,24.0,1,0,26.0,S,Second,woman,False,yes,False,-0.4095626884556714,-0.12274485029315124
0,2,male,54.0,0,0,14.0,S,Second,man,True,no,True,1.902107981829792,-0.36434158680272316
1,1,female,31.0,0,2,164.8667,S,First,woman,False,yes,False,0.12982713461093673,2.67306694386133
1,1,female,40.0,1,1,134.5,C,First,woman,False,yes,False,0.8233283356965757,2.061692308980895
0,3,male,22.0,0,0,7.25,S,Third,man,True,no,True,-0.5636740664747023,-0.5002397510893574
0,3,male,27.0,0,0,7.8958,S,Third,man,True,no,True,-0.17839562142712506,-0.48723782005286725
1,2,female,30.0,0,0,12.35,Q,Second,woman,False,yes,True,0.052771445601421274,-0.3975611380727893
1,2,female,22.0,1,1,29.0,S,Second,woman,False,yes,False,-0.5636740664747023,-0.06234566616575826
0,3,male,28.0,8,2,69.55,S,Third,man,True,no,False,-0.10133993241760961,0.7540499726228369
1,1,female,36.0,0,0,135.6333,C,First,woman,False,yes,True,0.5151055796585139,2.084509107438086
0,3,male,61.0,0,0,6.2375,S,Third,man,True,no,True,2.4414978048964002,-0.5206244757323525
1,2,female,36.0,0,0,13.0,S,Second,woman,False,yes,True,0.5151055796585139,-0.38447464817852084
1,3,female,31.0,1,1,20.525,S,Third,woman,False,yes,False,0.12982713461093673,-0.23297336132564347
1,1,female,16.0,0,1,57.9792,C,First,woman,False,yes,False,-1.026008200531795,0.5210943460557573
1,3,female,28.0,2,0,23.25,Q,Third,woman,False,yes,False,-0.10133993241760961,-0.17811076907659482
0,1,male,45.5,0,0,28.5,S,First,man,True,no,True,1.2471346252489106,-0.07241219685365709
0,1,male,38.0,0,1,153.4625,S,First,man,True,no,False,0.6692169576775449,2.443465485319458
0,3,male,16.0,2,0,18.0,S,Third,man,True,no,False,-1.026008200531795,-0.28380934129953256
1,1,female,28.0,1,0,133.65,S,First,woman,False,yes,False,-0.10133993241760961,2.044579206811467
0,3,male,28.0,0,0,7.8958,S,Third,man,True,no,True,-0.10133993241760961,-0.48723782005286725
0,1,male,29.0,1,0,66.6,S,First,man,True,no,False,-0.024284243408094167,0.6946574415642337
1,1,female,41.0,0,0,134.5,C,First,woman,False,yes,True,0.9003840247060911,2.061692308980895
1,3,male,45.0,0,0,8.05,S,Third,man,True,yes,True,1.208606780744153,-0.4841333019887193
0,1,male,45.0,0,0,35.5,S,First,man,True,no,True,1.208606780744153,0.06851923277692655
1,2,male,2.0,1,1,26.0,S,Second,child,False,yes,False,-2.104787846665011,-0.12274485029315124
1,1,female,24.0,3,2,263.0,S,First,woman,False,yes,False,-0.4095626884556714,4.648790695770894
0,2,male,28.0,0,0,13.0,S,Second,man,True,no,True,-0.10133993241760961,-0.38447464817852084
0,2,male,25.0,0,0,13.0,S,Second,man,True,no,True,-0.3325069994461559,-0.38447464817852084
0,2,male,36.0,0,0,13.0,S,Second,man,True,no,True,0.5151055796585139,-0.38447464817852084
1,2,female,24.0,0,0,13.0,S,Second,woman,False,yes,True,-0.4095626884556714,-0.38447464817852084
1,2,female,40.0,0,0,13.0,S,Second,woman,False,yes,True,0.8233283356965757,-0.38447464817852084
1,3,female,28.0,1,0,16.1,S,Third,woman,False,yes,False,-0.10133993241760961,-0.3220621579135481
1,3,male,3.0,1,1,15.9,S,Third,child,False,yes,False,-2.0277321576554956,-0.32608877018870763
0,3,male,42.0,0,0,8.6625,S,Third,man,True,no,True,0.9774397137156066,-0.4718018018960432
0,3,male,23.0,0,0,9.225,S,Third,man,True,no,True,-0.4866183774651868,-0.460476954872157
0,1,male,28.0,0,0,35.0,S,First,man,True,no,True,-0.10133993241760961,0.05845270208902771
0,3,male,15.0,1,1,7.2292,C,Third,child,False,no,False,-1.1030638895413103,-0.500658518765974
0,3,male,25.0,1,0,17.8,S,Third,man,True,no,False,-0.3325069994461559,-0.28783595357469205
0,3,male,28.0,0,0,7.225,C,Third,man,True,no,True,-0.10133993241760961,-0.5007430776237524
0,3,male,28.0,0,0,9.5,S,Third,man,True,no,True,-0.10133993241760961,-0.4549403629938127
1,1,female,22.0,0,1,55.0,S,First,woman,False,yes,False,-0.5636740664747023,0.46111392960498093
0,2,female,38.0,0,0,13.0,S,Second,woman,False,no,True,0.6692169576775449,-0.38447464817852084
1,3,female,28.0,0,0,7.8792,Q,Third,woman,False,yes,True,-0.10133993241760961,-0.4875720288717055
1,3,female,28.0,0,0,7.8792,Q,Third,woman,False,yes,True,-0.10133993241760961,-0.4875720288717055
0,3,male,40.0,1,4,27.9,S,Third,man,True,no,False,0.8233283356965757,-0.08449203367913571
0,2,male,29.0,1,0,27.7208,C,Second,man,True,no,False,-0.024284243408094167,-0.08809987827767862
0,3,female,45.0,0,1,14.4542,C,Third,woman,False,no,False,1.208606780744153,-0.3551971503258359
0,3,male,35.0,0,0,7.05,S,Third,man,True,no,True,0.4380498906489985,-0.5042663633645169
0,3,male,28.0,1,0,15.5,Q,Third,man,True,no,False,-0.10133993241760961,-0.33414199473902667
0,3,male,30.0,0,0,7.25,S,Third,man,True,no,True,0.052771445601421274,-0.5002397510893574
1,1,female,60.0,1,0,75.25,C,First,woman,False,yes,False,2.3644421158868845,0.8688084224648837
1,3,female,28.0,0,0,7.2292,C,Third,woman,False,yes,True,-0.10133993241760961,-0.500658518765974
1,3,female,28.0,0,0,7.75,Q,Third,woman,False,yes,True,-0.10133993241760961,-0.49017322040145855
1,1,female,24.0,0,0,69.3,C,First,woman,False,yes,True,-0.4095626884556714,0.7490167072788875
1,1,male,25.0,1,0,55.4417,C,First,man,True,yes,False,-0.3325069994461559,0.4700067028146707
0,3,male,18.0,1,0,6.4958,S,Third,man,True,no,False,-0.871896822512764,-0.515424105978984
0,3,male,19.0,0,0,8.05,S,Third,man,True,no,True,-0.7948411335032486,-0.4841333019887193
0,1,male,22.0,0,0,135.6333,C,First,man,True,no,True,-0.5636740664747023,2.084509107438086
0,3,female,3.0,3,1,21.075,S,Third,child,False,no,False,-2.0277321576554956,-0.22190017756895475
1,1,female,28.0,1,0,82.1708,C,First,woman,False,yes,False,-0.10133993241760961,1.008145313634504
1,3,female,22.0,0,0,7.25,S,Third,woman,False,yes,True,-0.5636740664747023,-0.5002397510893574
0,1,male,27.0,0,2,211.5,C,First,man,True,no,False,-0.17839562142712506,3.6119380349173147
0,3,male,20.0,0,0,4.0125,C,Third,man,True,no,True,-0.7177854444937332,-0.5654205372935024
0,3,male,19.0,0,0,7.775,S,Third,man,True,no,True,-0.7948411335032486,-0.48966989386706367
1,1,female,42.0,0,0,227.525,C,First,woman,False,yes,True,0.9774397137156066,3.9345703434644728
1,3,female,1.0,0,2,15.7417,C,Third,child,False,yes,False,-2.1818435356745267,-0.3292758338044964
0,3,male,32.0,0,0,7.925,S,Third,man,True,no,True,0.20688282362045216,-0.48664993466069395
1,1,female,35.0,1,0,52.0,S,First,woman,False,yes,False,0.4380498906489985,0.40071474547758795
0,3,male,28.0,0,0,7.8958,S,Third,man,True,no,True,-0.10133993241760961,-0.48723782005286725
0,2,male,18.0,0,0,73.5,S,Second,man,True,no,True,-0.871896822512764,0.8335755650572377
0,3,male,1.0,5,2,46.9,S,Third,child,False,no,False,-2.1818435356745267,0.29803613246101984
1,2,female,36.0,0,0,13.0,S,Second,woman,False,yes,True,0.5151055796585139,-0.38447464817852084
0,3,male,28.0,0,0,7.7292,Q,Third,man,True,no,True,-0.10133993241760961,-0.4905919880780752
1,2,female,17.0,0,0,12.0,C,Second,woman,False,yes,True,-0.9489525115222794,-0.4046077095543185
1,1,male,36.0,1,2,120.0,S,First,man,True,yes,False,0.5151055796585139,1.769762919031829
1,3,male,21.0,0,0,7.7958,S,Third,man,True,yes,True,-0.6407297554842177,-0.489251126190447
0,3,male,28.0,2,0,7.925,S,Third,man,True,no,False,-0.10133993241760961,-0.48664993466069395
1,1,female,23.0,1,0,113.275,C,First,woman,False,yes,False,-0.4866183774651868,1.6343680812795898
1,3,female,24.0,0,2,16.7,S,Third,woman,False,yes,False,-0.4095626884556714,-0.3099823210880695
0,3,male,22.0,0,0,7.7958,S,Third,man,True,no,True,-0.5636740664747023,-0.489251126190447
0,3,female,31.0,0,0,7.8542,S,Third,woman,False,no,True,0.12982713461093673,-0.4880753554061005
0,2,male,46.0,0,0,26.0,S,Second,man,True,no,True,1.2856624697536683,-0.12274485029315124
0,2,male,23.0,0,0,10.5,S,Second,man,True,no,True,-0.4866183774651868,-0.434807301618015
1,2,female,28.0,0,0,12.65,S,Second,woman,False,yes,True,-0.10133993241760961,-0.39152121966005005
1,3,male,39.0,0,0,7.925,S,Third,man,True,yes,True,0.7462726466870603,-0.48664993466069395
0,3,male,26.0,0,0,8.05,S,Third,man,True,no,True,-0.2554513104366405,-0.4841333019887193
0,3,female,21.0,1,0,9.825,S,Third,woman,False,no,False,-0.6407297554842177,-0.4483971180466784
0,3,male,28.0,1,0,15.85,S,Third,man,True,no,False,-0.10133993241760961,-0.32709542325749746
0,3,female,20.0,0,0,8.6625,S,Third,woman,False,no,True,-0.7177854444937332,-0.4718018018960432
0,2,male,34.0,1,0,21.0,S,Second,man,True,no,False,0.36099420163948304,-0.22341015717213955
0,3,male,51.0,0,0,7.75,S,Third,man,True,no,True,1.6709409148012455,-0.49017322040145855
1,2,male,3.0,1,1,18.75,S,Second,child,False,yes,False,-2.0277321576554956,-0.2687095452676843
0,3,male,21.0,0,0,7.775,S,Third,man,True,no,True,-0.6407297554842177,-0.48966989386706367
0,3,female,28.0,3,1,25.4667,S,Third,woman,False,no,False,-0.10133993241760961,-0.13348181192486414
0,3,male,28.0,0,0,7.8958,S,Third,man,True,no,True,-0.10133993241760961,-0.48723782005286725
0,3,male,28.0,0,0,6.8583,Q,Third,man,True,no,True,-0.10133993241760961,-0.5081258712302573
1,1,female,33.0,1,0,90.0,Q,First,woman,False,yes,False,0.2839385126299676,1.1657710777578991
0,2,male,28.0,0,0,0.0,S,Second,man,True,no,True,-0.10133993241760961,-0.6462044460638905
1,3,male,44.0,0,0,7.925,S,Third,man,True,yes,True,1.1315510917346374,-0.48664993466069395
0,3,female,28.0,0,0,8.05,S,Third,woman,False,no,True,-0.10133993241760961,-0.4841333019887193
1,2,female,34.0,1,1,32.5,S,Second,woman,False,yes,False,0.36099420163948304,0.008120048649533558
1,2,female,18.0,0,2,13.0,S,Second,woman,False,yes,False,-0.871896822512764,-0.38447464817852084
0,2,male,30.0,0,0,13.0,S,Second,man,True,no,True,0.052771445601421274,-0.38447464817852084
0,3,female,10.0,0,2,24.15,S,Third,child,False,no,False,-1.4883423345888875,-0.15999101383837694
0,3,male,28.0,0,0,7.8958,C,Third,man,True,no,True,-0.10133993241760961,-0.48723782005286725
0,3,male,21.0,0,0,7.7333,Q,Third,man,True,no,True,-0.6407297554842177,-0.4905094425264344
0,3,male,29.0,0,0,7.875,S,Third,man,True,no,True,-0.024284243408094167,-0.4876565877294839
0,3,female,28.0,1,1,14.4,S,Third,woman,False,no,False,-0.10133993241760961,-0.3562883622524042
0,3,male,18.0,1,1,20.2125,S,Third,man,True,no,False,-0.871896822512764,-0.23926494300558024
0,3,male,28.0,0,0,7.25,S,Third,man,True,no,True,-0.10133993241760961,-0.5002397510893574
1,2,female,28.0,1,0,26.0,S,Second,woman,False,yes,False,-0.10133993241760961,-0.12274485029315124
1,2,female,19.0,0,0,26.0,S,Second,woman,False,yes,True,-0.7948411335032486,-0.12274485029315124
0,3,male,28.0,0,0,7.75,Q,Third,man,True,no,True,-0.10133993241760961,-0.49017322040145855
1,3,male,32.0,0,0,8.05,S,Third,man,True,yes,True,0.20688282362045216,-0.4841333019887193
1,1,male,28.0,0,0,26.55,S,First,man,True,yes,True,-0.10133993241760961,-0.11167166653646252
1,3,female,28.0,1,0,16.1,S,Third,woman,False,yes,False,-0.10133993241760961,-0.3220621579135481
1,2,female,42.0,1,0,26.0,S,Second,woman,False,yes,False,0.9774397137156066,-0.12274485029315124
0,3,male,17.0,0,0,7.125,S,Third,man,True,no,True,-0.9489525115222794,-0.5027563837613321
0,1,male,50.0,1,0,55.9,S,First,man,True,no,False,1.5938852257917302,0.47923368484319884
1,1,female,14.0,1,2,120.0,S,First,child,False,yes,False,-1.1801195785508258,1.769762919031829
0,3,female,21.0,2,2,34.375,S,Third,woman,False,no,False,-0.6407297554842177,0.045869538729154176
1,2,female,24.0,2,3,18.75,S,Second,woman,False,yes,False,-0.4095626884556714,-0.2687095452676843
0,1,male,64.0,1,4,263.0,S,First,man,True,no,False,2.6726648719249466,4.648790695770894
0,2,male,31.0,0,0,10.5,S,Second,man,True,no,True,0.12982713461093673,-0.434807301618015
1,2,female,45.0,1,1,26.25,S,Second,woman,False,yes,False,1.208606780744153,-0.11771158494920184
0,3,male,20.0,0,0,9.5,S,Third,man,True,no,True,-0.7177854444937332,-0.4549403629938127
0,3,male,25.0,1,0,7.775,S,Third,man,True,no,False,-0.3325069994461559,-0.48966989386706367
1,2,female,28.0,0,0,13.0,S,Second,woman,False,yes,True,-0.10133993241760961,-0.38447464817852084
1,3,male,28.0,0,0,8.1125,S,Third,man,True,yes,True,-0.10133993241760961,-0.4828749856527319
1,1,male,4.0,0,2,81.8583,S,First,child,False,yes,False,-1.9506764686459803,1.0018537319545673
1,2,female,13.0,0,1,19.5,S,Second,child,False,yes,False,-1.2571752675603414,-0.25360974923583607
1,1,male,34.0,0,0,26.55,S,First,man,True,yes,True,0.36099420163948304,-0.11167166653646252
1,3,female,5.0,2,1,19.2583,C,Third,child,False,yes,False,-1.8736207796364648,-0.25847591017036636
1,1,male,52.0,0,0,30.5,S,First,man,True,yes,True,1.747996603810761,-0.032146074102061765
0,2,male,36.0,1,2,27.75,S,Second,man,True,no,False,0.5151055796585139,-0.08751199288550533
0,3,male,28.0,1,0,19.9667,S,Third,man,True,no,False,-0.10133993241760961,-0.24421364949175128
0,1,male,30.0,0,0,27.75,C,First,man,True,no,True,0.052771445601421274,-0.08751199288550533
1,1,male,49.0,1,0,89.1042,C,First,man,True,yes,False,1.5168295367822147,1.1477358813774596
0,3,male,28.0,0,0,8.05,S,Third,man,True,no,True,-0.10133993241760961,-0.4841333019887193
1,3,male,29.0,0,0,7.8958,C,Third,man,True,yes,True,-0.024284243408094167,-0.48723782005286725
0,1,male,65.0,0,0,26.55,S,First,man,True,no,True,2.749720560934462,-0.11167166653646252
1,1,female,28.0,1,0,51.8625,S,First,woman,False,yes,False,-0.10133993241760961,0.39794644953841574
1,2,female,50.0,0,0,10.5,S,Second,woman,False,yes,True,1.5938852257917302,-0.434807301618015
0,3,male,28.0,0,0,7.75,Q,Third,man,True,no,True,-0.10133993241760961,-0.49017322040145855
1,1,male,48.0,0,0,26.55,S,First,man,True,yes,True,1.4397738477726993,-0.11167166653646252
0,3,male,34.0,0,0,8.05,S,Third,man,True,no,True,0.36099420163948304,-0.4841333019887193
0,1,male,47.0,0,0,38.5,S,First,man,True,no,True,1.3627181587631838,0.12891841690431952
0,2,male,48.0,0,0,13.0,S,Second,man,True,no,True,1.4397738477726993,-0.38447464817852084
0,3,male,28.0,0,0,8.05,S,Third,man,True,no,True,-0.10133993241760961,-0.4841333019887193
0,3,male,38.0,0,0,7.05,S,Third,man,True,no,True,0.6692169576775449,-0.5042663633645169
0,2,male,28.0,0,0,0.0,S,Second,man,True,no,True,-0.10133993241760961,-0.6462044460638905
0,1,male,56.0,0,0,26.55,S,First,man,True,no,True,2.0562193598488228,-0.11167166653646252
0,3,male,28.0,0,0,7.725,Q,Third,man,True,no,True,-0.10133993241760961,-0.4906765469358535
1,3,female,0.75,2,1,19.2583,C,Third,child,False,yes,False,-2.2011074579269057,-0.25847591017036636
0,3,male,28.0,0,0,7.25,S,Third,man,True,no,True,-0.10133993241760961,-0.5002397510893574
0,3,male,38.0,0,0,8.6625,S,Third,man,True,no,True,0.6692169576775449,-0.4718018018960432
1,2,female,33.0,1,2,27.75,S,Second,woman,False,yes,False,0.2839385126299676,-0.08751199288550533
1,2,female,23.0,0,0,13.7917,C,Second,woman,False,yes,True,-0.4866183774651868,-0.36853530348730185
0,3,female,22.0,0,0,9.8375,S,Third,woman,False,no,True,-0.5636740664747023,-0.448145454779481
0,1,male,28.0,0,0,52.0,S,First,man,True,no,True,-0.10133993241760961,0.40071474547758795
0,2,male,34.0,1,0,21.0,S,Second,man,True,no,False,0.36099420163948304,-0.22341015717213955
0,3,male,29.0,1,0,7.0458,S,Third,man,True,no,False,-0.024284243408094167,-0.5043509222222953
0,3,male,22.0,0,0,7.5208,S,Third,man,True,no,True,-0.5636740664747023,-0.49478771806879135
1,3,female,2.0,0,1,12.2875,S,Third,child,False,yes,False,-2.104787846665011,-0.39881945440877664
0,3,male,9.0,5,2,46.9,S,Third,child,False,no,False,-1.565398023598403,0.29803613246101984
0,2,male,28.0,0,0,0.0,S,Second,man,True,no,True,-0.10133993241760961,-0.6462044460638905
0,3,male,50.0,0,0,8.05,S,Third,man,True,no,True,1.5938852257917302,-0.4841333019887193
1,3,female,63.0,0,0,9.5875,S,Third,woman,False,yes,True,2.5956091829154313,-0.4531787201234304
1,1,male,25.0,1,0,91.0792,C,First,man,True,yes,False,-0.3325069994461559,1.1874986775946599
0,3,female,28.0,3,1,25.4667,S,Third,woman,False,no,False,-0.10133993241760961,-0.13348181192486414
1,1,female,35.0,1,0,90.0,S,First,woman,False,yes,False,0.4380498906489985,1.1657710777578991
0,1,male,58.0,0,0,29.7,C,First,man,True,no,True,2.210330737867854,-0.04825252320269991
0,3,male,30.0,0,0,8.05,S,Third,man,True,no,True,0.052771445601421274,-0.4841333019887193
1,3,male,9.0,1,1,15.9,S,Third,child,False,yes,False,-1.565398023598403,-0.32608877018870763
0,3,male,28.0,1,0,19.9667,S,Third,man,True,no,False,-0.10133993241760961,-0.24421364949175128
0,3,male,21.0,0,0,7.25,S,Third,man,True,no,True,-0.6407297554842177,-0.5002397510893574
0,1,male,55.0,0,0,30.5,S,First,man,True,no,True,1.9791636708393074,-0.032146074102061765
0,1,male,71.0,0,0,49.5042,C,First,man,True,no,True,3.2120546949915547,0.3504666508958721
0,3,male,21.0,0,0,8.05,S,Third,man,True,no,True,-0.6407297554842177,-0.4841333019887193
0,3,male,28.0,0,0,14.4583,C,Third,man,True,no,True,-0.10133993241760961,-0.3551146047741951
1,1,female,54.0,1,0,78.2667,C,First,woman,False,yes,False,1.902107981829792,0.9295438287172524
0,3,male,28.0,0,0,15.1,S,Third,man,True,no,True,-0.10133993241760961,-0.3421952192893457
0,1,female,25.0,1,2,151.55,S,First,woman,False,no,False,-0.3325069994461559,2.404961005438245
0,3,male,24.0,0,0,7.7958,S,Third,man,True,no,True,-0.4095626884556714,-0.489251126190447
0,3,male,17.0,0,0,8.6625,S,Third,man,True,no,True,-0.9489525115222794,-0.4718018018960432
0,3,female,21.0,0,0,7.75,Q,Third,woman,False,no,True,-0.6407297554842177,-0.49017322040145855
0,3,female,28.0,0,0,7.6292,Q,Third,woman,False,no,True,-0.10133993241760961,-0.4926052942156549
0,3,female,37.0,0,0,9.5875,S,Third,woman,False,no,True,0.5921612686680294,-0.4531787201234304
1,1,female,16.0,0,0,86.5,S,First,woman,False,yes,True,-1.026008200531795,1.0953053629426073
0,1,male,18.0,1,0,108.9,C,First,man,True,no,False,-0.871896822512764,1.546285937760475
1,2,female,33.0,0,2,26.0,S,Second,woman,False,yes,False,0.2839385126299676,-0.12274485029315124
1,1,male,28.0,0,0,26.55,S,First,man,True,yes,True,-0.10133993241760961,-0.11167166653646252
0,3,male,28.0,0,0,22.525,S,Third,man,True,no,True,-0.10133993241760961,-0.19270723857404815
1,3,male,26.0,0,0,56.4958,S,Third,man,True,yes,True,-0.2554513104366405,0.4912289628108992
1,3,male,29.0,0,0,7.75,Q,Third,man,True,yes,True,-0.024284243408094167,-0.49017322040145855
0,3,male,28.0,0,0,8.05,S,Third,man,True,no,True,-0.10133993241760961,-0.4841333019887193
1,1,male,36.0,0,0,26.2875,S,First,man,True,yes,True,0.5151055796585139,-0.1169565951476094
1,1,female,54.0,1,0,59.4,C,First,woman,False,yes,False,1.902107981829792,0.5496993996584907
0,3,male,24.0,0,0,7.4958,S,Third,man,True,no,True,-0.4095626884556714,-0.49529104460318635
0,1,male,47.0,0,0,34.0208,S,First,man,True,no,True,1.3627181587631838,0.03873840838984667
1,2,female,34.0,0,0,10.5,S,Second,woman,False,yes,True,0.36099420163948304,-0.434807301618015
0,3,male,28.0,0,0,24.15,Q,Third,man,True,no,True,-0.10133993241760961,-0.15999101383837694
1,2,female,36.0,1,0,26.0,S,Second,woman,False,yes,False,0.5151055796585139,-0.12274485029315124
0,3,male,32.0,0,0,7.8958,S,Third,man,True,no,True,0.20688282362045216,-0.48723782005286725
1,1,female,30.0,0,0,93.5,S,First,woman,False,yes,True,0.052771445601421274,1.236236792573191
0,3,male,22.0,0,0,7.8958,S,Third,man,True,no,True,-0.5636740664747023,-0.48723782005286725
0,3,male,28.0,0,0,7.225,C,Third,man,True,no,True,-0.10133993241760961,-0.5007430776237524
1,1,female,44.0,0,1,57.9792,C,First,woman,False,yes,False,1.1315510917346374,0.5210943460557573
0,3,male,28.0,0,0,7.2292,C,Third,man,True,no,True,-0.10133993241760961,-0.500658518765974
0,3,male,40.5,0,0,7.75,Q,Third,man,True,no,True,0.8618561802013335,-0.49017322040145855
1,2,female,50.0,0,0,10.5,S,Second,woman,False,yes,True,1.5938852257917302,-0.434807301618015
0,1,male,28.0,0,0,221.7792,S,First,man,True,no,True,-0.10133993241760961,3.8188897994114144
0,3,male,39.0,0,0,7.925,S,Third,man,True,no,True,0.7462726466870603,-0.48664993466069395
0,2,male,23.0,2,1,11.5,S,Second,man,True,no,False,-0.4866183774651868,-0.41467424024221733
1,2,female,2.0,1,1,26.0,S,Second,child,False,yes,False,-2.104787846665011,-0.12274485029315124
0,3,male,28.0,0,0,7.2292,C,Third,man,True,no,True,-0.10133993241760961,-0.500658518765974
0,3,male,17.0,1,1,7.2292,C,Third,man,True,no,False,-0.9489525115222794,-0.500658518765974
1,3,female,28.0,0,2,22.3583,C,Third,woman,False,yes,False,-0.10133993241760961,-0.19606341990539358
0,3,female,30.0,0,0,8.6625,S,Third,woman,False,no,True,0.052771445601421274,-0.4718018018960432
1,2,female,7.0,0,2,26.25,S,Second,child,False,yes,False,-1.719509401617434,-0.11771158494920184
0,1,male,45.0,0,0,26.55,S,First,man,True,no,True,1.208606780744153,-0.11167166653646252
1,1,female,30.0,0,0,106.425,C,First,woman,False,yes,True,0.052771445601421274,1.4964566108553758
0,3,male,28.0,0,0,14.5,S,Third,man,True,no,True,-0.10133993241760961,-0.35427505611482435
1,1,female,22.0,0,2,49.5,C,First,woman,False,yes,False,-0.5636740664747023,0.3503820920380938
1,1,female,36.0,0,2,71.0,S,First,woman,False,yes,False,0.5151055796585139,0.7832429116177435
0,3,female,9.0,4,2,31.275,S,Third,child,False,no,False,-1.565398023598403,-0.016542951535818605
0,3,female,11.0,4,2,31.275,S,Third,child,False,no,False,-1.4112866455793722,-0.016542951535818605
1,2,male,32.0,1,0,26.0,S,Second,man,True,yes,False,0.20688282362045216,-0.12274485029315124
0,1,male,50.0,1,0,106.425,C,First,man,True,no,False,1.5938852257917302,1.4964566108553758
0,1,male,64.0,0,0,26.0,S,First,man,True,no,True,2.6726648719249466,-0.12274485029315124
1,2,female,19.0,1,0,26.0,S,Second,woman,False,yes,False,-0.7948411335032486,-0.12274485029315124
1,2,male,28.0,0,0,13.8625,C,Second,man,True,yes,True,-0.10133993241760961,-0.3671098827418954
0,3,male,33.0,1,1,20.525,S,Third,man,True,no,False,0.2839385126299676,-0.23297336132564347
1,2,male,8.0,1,1,36.75,S,Second,child,False,yes,False,-1.6424537126079184,0.09368555949667362
1,1,male,17.0,0,2,110.8833,C,First,man,True,yes,False,-0.9489525115222794,1.5862158383870948
0,2,male,27.0,0,0,26.0,S,Second,man,True,no,True,-0.17839562142712506,-0.12274485029315124
0,3,male,28.0,0,0,7.8292,Q,Third,man,True,no,True,-0.10133993241760961,-0.4885786819404954
1,3,male,22.0,0,0,7.225,C,Third,man,True,yes,True,-0.5636740664747023,-0.5007430776237524
1,3,female,22.0,0,0,7.775,S,Third,woman,False,yes,True,-0.5636740664747023,-0.48966989386706367
0,1,male,62.0,0,0,26.55,S,First,man,True,no,True,2.5185534939059155,-0.11167166653646252
1,1,female,48.0,1,0,39.6,C,First,woman,False,yes,False,1.4397738477726993,0.151064784417697
0,1,male,28.0,0,0,227.525,C,First,man,True,no,True,-0.10133993241760961,3.9345703434644728
1,1,female,39.0,1,1,79.65,S,First,woman,False,yes,False,0.7462726466870603,0.9573938925183935
1,3,female,36.0,1,0,17.4,S,Third,woman,False,yes,False,0.5151055796585139,-0.29588917812501114
0,3,male,28.0,0,0,7.75,Q,Third,man,True,no,True,-0.10133993241760961,-0.49017322040145855
0,3,male,40.0,0,0,7.8958,S,Third,man,True,no,True,0.8233283356965757,-0.48723782005286725
0,2,male,28.0,0,0,13.5,S,Second,man,True,no,True,-0.10133993241760961,-0.374408117490622
0,3,male,28.0,0,0,8.05,S,Third,man,True,no,True,-0.10133993241760961,-0.4841333019887193
0,3,female,28.0,0,0,8.05,S,Third,woman,False,no,True,-0.10133993241760961,-0.4841333019887193
0,3,male,24.0,2,0,24.15,S,Third,man,True,no,False,-0.4095626884556714,-0.15999101383837694
0,3,male,19.0,0,0,7.8958,S,Third,man,True,no,True,-0.7948411335032486,-0.48723782005286725
0,3,female,29.0,0,4,21.075,S,Third,woman,False,no,False,-0.024284243408094167,-0.22190017756895475
0,3,male,28.0,0,0,7.2292,C,Third,man,True,no,True,-0.10133993241760961,-0.500658518765974
1,3,male,32.0,0,0,7.8542,S,Third,man,True,yes,True,0.20688282362045216,-0.4880753554061005
1,2,male,62.0,0,0,10.5,S,Second,man,True,yes,True,2.5185534939059155,-0.434807301618015
1,1,female,53.0,2,0,51.4792,S,First,woman,False,yes,False,1.8250522928202764,0.3902294471130725
1,1,male,36.0,0,0,26.3875,S,First,man,True,yes,True,0.5151055796585139,-0.11494328901002966
1,3,female,28.0,0,0,7.75,Q,Third,woman,False,yes,True,-0.10133993241760961,-0.49017322040145855
0,3,male,16.0,0,0,8.05,S,Third,man,True,no,True,-1.026008200531795,-0.4841333019887193
0,3,male,19.0,0,0,14.5,S,Third,man,True,no,True,-0.7948411335032486,-0.35427505611482435
1,2,female,34.0,0,0,13.0,S,Second,woman,False,yes,True,0.36099420163948304,-0.38447464817852084
1,1,female,39.0,1,0,55.9,S,First,woman,False,yes,False,0.7462726466870603,0.47923368484319884
0,3,female,28.0,1,0,14.4583,C,Third,woman,False,no,False,-0.10133993241760961,-0.3551146047741951
1,3,male,32.0,0,0,7.925,S,Third,man,True,yes,True,0.20688282362045216,-0.48664993466069395
1,2,female,25.0,1,1,30.0,S,Second,woman,False,yes,False,-0.3325069994461559,-0.0422126047899606
1,1,female,39.0,1,1,110.8833,C,First,woman,False,yes,False,0.7462726466870603,1.5862158383870948
0,2,male,54.0,0,0,26.0,S,Second,man,True,no,True,1.902107981829792,-0.12274485029315124
0,1,male,36.0,0,0,40.125,C,First,man,True,no,True,0.5151055796585139,0.16163464163999072
0,3,male,28.0,0,0,8.7125,C,Third,man,True,no,True,-0.10133993241760961,-0.4707951488272534
1,1,female,18.0,0,2,79.65,S,First,woman,False,yes,False,-0.871896822512764,0.9573938925183935
0,2,male,47.0,0,0,15.0,S,Second,man,True,no,True,1.3627181587631838,-0.34420852542692554
1,1,male,60.0,1,1,79.2,C,First,man,True,yes,False,2.3644421158868845,0.9483340148992845
0,3,male,22.0,0,0,8.05,S,Third,man,True,no,True,-0.5636740664747023,-0.4841333019887193
0,3,male,28.0,0,0,8.05,S,Third,man,True,no,True,-0.10133993241760961,-0.4841333019887193
0,3,male,35.0,0,0,7.125,S,Third,man,True,no,True,0.4380498906489985,-0.5027563837613321
1,1,female,52.0,1,0,78.2667,C,First,woman,False,yes,False,1.747996603810761,0.9295438287172524
0,3,male,47.0,0,0,7.25,S,Third,man,True,no,True,1.3627181587631838,-0.5002397510893574
0,3,female,28.0,0,2,7.75,Q,Third,woman,False,no,False,-0.10133993241760961,-0.49017322040145855
0,2,male,37.0,1,0,26.0,S,Second,man,True,no,False,0.5921612686680294,-0.12274485029315124
0,3,male,36.0,1,1,24.15,S,Third,man,True,no,False,0.5151055796585139,-0.15999101383837694
1,2,female,28.0,0,0,33.0,S,Second,woman,False,yes,True,-0.10133993241760961,0.01818657933743239
0,3,male,49.0,0,0,0.0,S,Third,man,True,no,True,1.5168295367822147,-0.6462044460638905
0,3,male,28.0,0,0,7.225,C,Third,man,True,no,True,-0.10133993241760961,-0.5007430776237524
1,1,male,49.0,1,0,56.9292,C,First,man,True,yes,False,1.5168295367822147,0.4999546316111698
1,2,female,24.0,2,1,27.0,S,Second,woman,False,yes,False,-0.4095626884556714,-0.10261178891735358
0,3,male,28.0,0,0,7.8958,S,Third,man,True,no,True,-0.10133993241760961,-0.48723782005286725
0,1,male,28.0,0,0,42.4,S,First,man,True,no,True,-0.10133993241760961,0.20743735626993037
0,3,male,44.0,0,0,8.05,S,Third,man,True,no,True,1.1315510917346374,-0.4841333019887193
1,1,male,35.0,0,0,26.55,C,First,man,True,yes,True,0.4380498906489985,-0.11167166653646252
0,3,male,36.0,1,0,15.55,S,Third,man,True,no,False,0.5151055796585139,-0.3331353416702368
0,3,male,30.0,0,0,7.8958,S,Third,man,True,no,True,0.052771445601421274,-0.48723782005286725
1,1,male,27.0,0,0,30.5,S,First,man,True,yes,True,-0.17839562142712506,-0.032146074102061765
1,2,female,22.0,1,2,41.5792,C,Second,woman,False,yes,False,-0.5636740664747023,0.1909121394926757
1,1,female,40.0,0,0,153.4625,S,First,woman,False,yes,True,0.8233283356965757,2.443465485319458
0,3,female,39.0,1,5,31.275,S,Third,woman,False,no,False,0.7462726466870603,-0.016542951535818605
0,3,male,28.0,0,0,7.05,S,Third,man,True,no,True,-0.10133993241760961,-0.5042663633645169
1,3,female,28.0,1,0,15.5,Q,Third,woman,False,yes,False,-0.10133993241760961,-0.33414199473902667
0,3,male,28.0,0,0,7.75,Q,Third,man,True,no,True,-0.10133993241760961,-0.49017322040145855
0,3,male,35.0,0,0,8.05,S,Third,man,True,no,True,0.4380498906489985,-0.4841333019887193
1,2,female,24.0,1,2,65.0,S,Second,woman,False,yes,False,-0.4095626884556714,0.6624445433629575
0,3,male,34.0,1,1,14.4,S,Third,man,True,no,False,0.36099420163948304,-0.3562883622524042
0,3,female,26.0,1,0,16.1,S,Third,woman,False,no,False,-0.2554513104366405,-0.3220621579135481
1,2,female,4.0,2,1,39.0,S,Second,child,False,yes,False,-1.9506764686459803,0.13898494759221836
0,2,male,26.0,0,0,10.5,S,Second,man,True,no,True,-0.2554513104366405,-0.434807301618015
0,3,male,27.0,1,0,14.4542,C,Third,man,True,no,False,-0.17839562142712506,-0.3551971503258359
1,1,male,42.0,1,0,52.5542,S,First,man,True,yes,False,0.9774397137156066,0.41187248809205507
1,3,male,20.0,1,1,15.7417,C,Third,man,True,yes,False,-0.7177854444937332,-0.3292758338044964
0,3,male,21.0,0,0,7.8542,S,Third,man,True,no,True,-0.6407297554842177,-0.4880753554061005
0,3,male,21.0,0,0,16.1,S,Third,man,True,no,True,-0.6407297554842177,-0.3220621579135481
0,1,male,61.0,0,0,32.3208,S,First,man,True,no,True,2.4414978048964002,0.004512204050990585
0,2,male,57.0,0,0,12.35,Q,Second,man,True,no,True,2.133275048858338,-0.3975611380727893
1,1,female,21.0,0,0,77.9583,S,First,woman,False,yes,True,-0.6407297554842177,0.9233347925889563
0,3,male,26.0,0,0,7.8958,S,Third,man,True,no,True,-0.2554513104366405,-0.48723782005286725
0,3,male,28.0,0,0,7.7333,Q,Third,man,True,no,True,-0.10133993241760961,-0.4905094425264344
1,1,male,80.0,0,0,30.0,S,First,man,True,yes,True,3.905555896077194,-0.0422126047899606
0,3,male,51.0,0,0,7.0542,S,Third,man,True,no,True,1.6709409148012455,-0.5041818045067386
1,1,male,32.0,0,0,30.5,C,First,man,True,yes,True,0.20688282362045216,-0.032146074102061765
0,1,male,28.0,0,0,0.0,S,First,man,True,no,True,-0.10133993241760961,-0.6462044460638905
0,3,female,9.0,3,2,27.9,S,Third,child,False,no,False,-1.565398023598403,-0.08449203367913571
1,2,female,28.0,0,0,13.0,S,Second,woman,False,yes,True,-0.10133993241760961,-0.38447464817852084
0,3,male,32.0,0,0,7.925,S,Third,man,True,no,True,0.20688282362045216,-0.48664993466069395
0,2,male,31.0,1,1,26.25,S,Second,man,True,no,False,0.12982713461093673,-0.11771158494920184
0,3,female,41.0,0,5,39.6875,S,Third,woman,False,no,False,0.9003840247060911,0.15282642728807924
0,3,male,28.0,1,0,16.1,S,Third,man,True,no,False,-0.10133993241760961,-0.3220621579135481
0,3,male,20.0,0,0,7.8542,S,Third,man,True,no,True,-0.7177854444937332,-0.4880753554061005
1,1,female,24.0,0,0,69.3,C,First,woman,False,yes,True,-0.4095626884556714,0.7490167072788875
0,3,female,2.0,3,2,27.9,S,Third,child,False,no,False,-2.104787846665011,-0.08449203367913571
1,3,male,28.0,0,0,56.4958,S,Third,man,True,yes,True,-0.10133993241760961,0.4912289628108992
1,3,female,0.75,2,1,19.2583,C,Third,child,False,yes,False,-2.2011074579269057,-0.25847591017036636
1,1,male,48.0,1,0,76.7292,C,First,man,True,yes,False,1.4397738477726993,0.8985892468519636
0,3,male,19.0,0,0,7.8958,S,Third,man,True,no,True,-0.7948411335032486,-0.48723782005286725
1,1,male,56.0,0,0,35.5,C,First,man,True,yes,True,2.0562193598488228,0.06851923277692655
0,3,male,28.0,0,0,7.55,S,Third,man,True,no,True,-0.10133993241760961,-0.4941998326766181
1,3,female,23.0,0,0,7.55,S,Third,woman,False,yes,True,-0.4866183774651868,-0.4941998326766181
0,3,male,28.0,0,0,7.8958,S,Third,man,True,no,True,-0.10133993241760961,-0.48723782005286725
1,2,female,18.0,0,1,23.0,S,Second,woman,False,yes,False,-0.871896822512764,-0.18314403442054422
0,3,male,21.0,0,0,8.4333,S,Third,man,True,no,True,-0.6407297554842177,-0.47641629956337606
1,3,female,28.0,0,0,7.8292,Q,Third,woman,False,yes,True,-0.10133993241760961,-0.4885786819404954
0,3,female,18.0,0,0,6.75,Q,Third,woman,False,no,True,-0.871896822512764,-0.5103062817772562
0,2,male,24.0,2,0,73.5,S,Second,man,True,no,False,-0.4095626884556714,0.8335755650572377
0,3,male,28.0,0,0,7.8958,S,Third,man,True,no,True,-0.10133993241760961,-0.48723782005286725
0,3,female,32.0,1,1,15.5,Q,Third,woman,False,no,False,0.20688282362045216,-0.33414199473902667
0,2,male,23.0,0,0,13.0,S,Second,man,True,no,True,-0.4866183774651868,-0.38447464817852084
0,1,male,58.0,0,2,113.275,C,First,man,True,no,False,2.210330737867854,1.6343680812795898
1,1,male,50.0,2,0,133.65,S,First,man,True,yes,False,1.5938852257917302,2.044579206811467
0,3,male,40.0,0,0,7.225,C,Third,man,True,no,True,0.8233283356965757,-0.5007430776237524
0,1,male,47.0,0,0,25.5875,S,First,man,True,no,True,1.3627181587631838,-0.1310497381106678
0,3,male,36.0,0,0,7.4958,S,Third,man,True,no,True,0.5151055796585139,-0.49529104460318635
1,3,male,20.0,1,0,7.925,S,Third,man,True,yes,False,-0.7177854444937332,-0.48664993466069395
0,2,male,32.0,2,0,73.5,S,Second,man,True,no,False,0.20688282362045216,0.8335755650572377
0,2,male,25.0,0,0,13.0,S,Second,man,True,no,True,-0.3325069994461559,-0.38447464817852084
0,3,male,28.0,0,0,7.775,S,Third,man,True,no,True,-0.10133993241760961,-0.48966989386706367
0,3,male,43.0,0,0,8.05,S,Third,man,True,no,True,1.054495402725122,-0.4841333019887193
1,1,female,28.0,1,0,52.0,S,First,woman,False,yes,False,-0.10133993241760961,0.40071474547758795
1,2,female,40.0,1,1,39.0,S,Second,woman,False,yes,False,0.8233283356965757,0.13898494759221836
0,1,male,31.0,1,0,52.0,S,First,man,True,no,False,0.12982713461093673,0.40071474547758795
0,2,male,70.0,0,0,10.5,S,Second,man,True,no,True,3.1349990059820394,-0.434807301618015
1,2,male,31.0,0,0,13.0,S,Second,man,True,yes,True,0.12982713461093673,-0.38447464817852084
0,2,male,28.0,0,0,0.0,S,Second,man,True,no,True,-0.10133993241760961,-0.6462044460638905
0,3,male,18.0,0,0,7.775,S,Third,man,True,no,True,-0.871896822512764,-0.48966989386706367
0,3,male,24.5,0,0,8.05,S,Third,man,True,no,True,-0.3710348439509137,-0.4841333019887193
1,3,female,18.0,0,0,9.8417,S,Third,woman,False,yes,True,-0.871896822512764,-0.4480608959217026
0,3,female,43.0,1,6,46.9,S,Third,woman,False,no,False,1.054495402725122,0.29803613246101984
1,1,male,36.0,0,1,512.3292,C,First,man,True,yes,False,0.5151055796585139,9.668550782149426
0,3,female,28.0,0,0,8.1375,Q,Third,woman,False,no,True,-0.10133993241760961,-0.482371659118337
1,1,male,27.0,0,0,76.7292,C,First,man,True,yes,True,-0.17839562142712506,0.8985892468519636
0,3,male,20.0,0,0,9.225,S,Third,man,True,no,True,-0.7177854444937332,-0.460476954872157
0,3,male,14.0,5,2,46.9,S,Third,child,False,no,False,-1.1801195785508258,0.29803613246101984
0,2,male,60.0,1,1,39.0,S,Second,man,True,no,False,2.3644421158868845,0.13898494759221836
0,2,male,25.0,1,2,41.5792,C,Second,man,True,no,False,-0.3325069994461559,0.1909121394926757
0,3,male,14.0,4,1,39.6875,S,Third,child,False,no,False,-1.1801195785508258,0.15282642728807924
0,3,male,19.0,0,0,10.1708,S,Third,man,True,no,True,-0.7948411335032486,-0.4414351054229276
0,3,male,18.0,0,0,7.7958,S,Third,man,True,no,True,-0.871896822512764,-0.489251126190447
1,1,female,15.0,0,1,211.3375,S,First,child,False,yes,False,-1.1030638895413103,3.608666412443748
1,1,male,31.0,1,0,57.0,S,First,man,True,yes,False,0.12982713461093673,0.5013800523565762
1,3,female,4.0,0,1,13.4167,C,Third,child,False,yes,False,-1.9506764686459803,-0.376085201503226
1,3,male,28.0,0,0,56.4958,S,Third,man,True,yes,True,-0.10133993241760961,0.4912289628108992
0,3,male,25.0,0,0,7.225,C,Third,man,True,no,True,-0.3325069994461559,-0.5007430776237524
0,1,male,60.0,0,0,26.55,S,First,man,True,no,True,2.3644421158868845,-0.11167166653646252
0,2,male,52.0,0,0,13.5,S,Second,man,True,no,True,1.747996603810761,-0.374408117490622
0,3,male,44.0,0,0,8.05,S,Third,man,True,no,True,1.1315510917346374,-0.4841333019887193
1,3,female,28.0,0,0,7.7333,Q,Third,woman,False,yes,True,-0.10133993241760961,-0.4905094425264344
0,1,male,49.0,1,1,110.8833,C,First,man,True,no,False,1.5168295367822147,1.5862158383870948
0,3,male,42.0,0,0,7.65,S,Third,man,True,no,True,0.9774397137156066,-0.4921865265390384
1,1,female,18.0,1,0,227.525,C,First,woman,False,yes,False,-0.871896822512764,3.9345703434644728
1,1,male,35.0,0,0,26.2875,S,First,man,True,yes,True,0.4380498906489985,-0.1169565951476094
0,3,female,18.0,0,1,14.4542,C,Third,woman,False,no,False,-0.871896822512764,-0.3551971503258359
0,3,male,25.0,0,0,7.7417,Q,Third,man,True,no,True,-0.3325069994461559,-0.49034032481087764
0,3,male,26.0,1,0,7.8542,S,Third,man,True,no,False,-0.2554513104366405,-0.4880753554061005
0,2,male,39.0,0,0,26.0,S,Second,man,True,no,True,0.7462726466870603,-0.12274485029315124
1,2,female,45.0,0,0,13.5,S,Second,woman,False,yes,True,1.208606780744153,-0.374408117490622
1,1,male,42.0,0,0,26.2875,S,First,man,True,yes,True,0.9774397137156066,-0.1169565951476094
1,1,female,22.0,0,0,151.55,S,First,woman,False,yes,True,-0.5636740664747023,2.404961005438245
1,3,male,28.0,1,1,15.2458,C,Third,man,True,yes,False,-0.10133993241760961,-0.33925981894075447
1,1,female,24.0,0,0,49.5042,C,First,woman,False,yes,True,-0.4095626884556714,0.3504666508958721
0,1,male,28.0,0,0,26.55,S,First,man,True,no,True,-0.10133993241760961,-0.11167166653646252
1,1,male,48.0,1,0,52.0,S,First,man,True,yes,False,1.4397738477726993,0.40071474547758795
0,3,male,29.0,0,0,9.4833,S,Third,man,True,no,True,-0.024284243408094167,-0.4552765851187885
0,2,male,52.0,0,0,13.0,S,Second,man,True,no,True,1.747996603810761,-0.38447464817852084
0,3,male,19.0,0,0,7.65,S,Third,man,True,no,True,-0.7948411335032486,-0.4921865265390384
1,1,female,38.0,0,0,227.525,C,First,woman,False,yes,True,0.6692169576775449,3.9345703434644728
1,2,female,27.0,0,0,10.5,S,Second,woman,False,yes,True,-0.17839562142712506,-0.434807301618015
0,3,male,28.0,0,0,15.5,Q,Third,man,True,no,True,-0.10133993241760961,-0.33414199473902667
0,3,male,33.0,0,0,7.775,S,Third,man,True,no,True,0.2839385126299676,-0.48966989386706367
1,2,female,6.0,0,1,33.0,S,Second,child,False,yes,False,-1.7965650906269495,0.01818657933743239
0,3,male,17.0,1,0,7.0542,S,Third,man,True,no,False,-0.9489525115222794,-0.5041818045067386
0,2,male,34.0,0,0,13.0,S,Second,man,True,no,True,0.36099420163948304,-0.38447464817852084
0,2,male,50.0,0,0,13.0,S,Second,man,True,no,True,1.5938852257917302,-0.38447464817852084
1,1,male,27.0,1,0,53.1,S,First,man,True,yes,False,-0.17839562142712506,0.4228611129909654
0,3,male,20.0,0,0,8.6625,S,Third,man,True,no,True,-0.7177854444937332,-0.4718018018960432
1,2,female,30.0,3,0,21.0,S,Second,woman,False,yes,False,0.052771445601421274,-0.22341015717213955
1,3,female,28.0,0,0,7.7375,Q,Third,woman,False,yes,True,-0.10133993241760961,-0.49042488366865605
0,2,male,25.0,1,0,26.0,S,Second,man,True,no,False,-0.3325069994461559,-0.12274485029315124
0,3,female,25.0,1,0,7.925,S,Third,woman,False,no,False,-0.3325069994461559,-0.48664993466069395
1,1,female,29.0,0,0,211.3375,S,First,woman,False,yes,True,-0.024284243408094167,3.608666412443748
0,3,male,11.0,0,0,18.7875,C,Third,child,False,no,True,-1.4112866455793722,-0.26795455546609187
0,2,male,28.0,0,0,0.0,S,Second,man,True,no,True,-0.10133993241760961,-0.6462044460638905
0,2,male,23.0,0,0,13.0,S,Second,man,True,no,True,-0.4866183774651868,-0.38447464817852084
0,2,male,23.0,0,0,13.0,S,Second,man,True,no,True,-0.4866183774651868,-0.38447464817852084
0,3,male,28.5,0,0,16.1,S,Third,man,True,no,True,-0.0628120879128519,-0.3220621579135481
0,3,female,48.0,1,3,34.375,S,Third,woman,False,no,False,1.4397738477726993,0.045869538729154176
1,1,male,35.0,0,0,512.3292,C,First,man,True,yes,True,0.4380498906489985,9.668550782149426
0,3,male,28.0,0,0,7.8958,S,Third,man,True,no,True,-0.10133993241760961,-0.48723782005286725
0,3,male,28.0,0,0,7.8958,S,Third,man,True,no,True,-0.10133993241760961,-0.48723782005286725
1,1,male,28.0,0,0,30.0,S,First,man,True,yes,True,-0.10133993241760961,-0.0422126047899606
0,1,male,36.0,1,0,78.85,S,First,man,True,no,False,0.5151055796585139,0.941287443417755
1,1,female,21.0,2,2,262.375,C,First,woman,False,yes,False,-0.6407297554842177,4.636207532411021
0,3,male,24.0,1,0,16.1,S,Third,man,True,no,False,-0.4095626884556714,-0.3220621579135481
1,3,male,31.0,0,0,7.925,S,Third,man,True,yes,True,0.12982713461093673,-0.48664993466069395
0,1,male,70.0,1,1,71.0,S,First,man,True,no,False,3.1349990059820394,0.7832429116177435
0,3,male,16.0,1,1,20.25,S,Third,man,True,no,False,-1.026008200531795,-0.2385099532039878
1,2,female,30.0,0,0,13.0,S,Second,woman,False,yes,True,0.052771445601421274,-0.38447464817852084
0,1,male,19.0,1,0,53.1,S,First,man,True,no,False,-0.7948411335032486,0.4228611129909654
0,3,male,31.0,0,0,7.75,Q,Third,man,True,no,True,0.12982713461093673,-0.49017322040145855
1,2,female,4.0,1,1,23.0,S,Second,child,False,yes,False,-1.9506764686459803,-0.18314403442054422
1,3,male,6.0,0,1,12.475,S,Third,child,False,yes,False,-1.7965650906269495,-0.3950445054008146
0,3,male,33.0,0,0,9.5,S,Third,man,True,no,True,0.2839385126299676,-0.4549403629938127
0,3,male,23.0,0,0,7.8958,S,Third,man,True,no,True,-0.4866183774651868,-0.48723782005286725
1,2,female,48.0,1,2,65.0,S,Second,woman,False,yes,False,1.4397738477726993,0.6624445433629575
1,2,male,0.67,1,1,14.5,S,Second,child,False,yes,False,-2.2072719130476663,-0.35427505611482435
0,3,male,28.0,0,0,7.7958,S,Third,man,True,no,True,-0.10133993241760961,-0.489251126190447
0,2,male,18.0,0,0,11.5,S,Second,man,True,no,True,-0.871896822512764,-0.41467424024221733
0,3,male,34.0,0,0,8.05,S,Third,man,True,no,True,0.36099420163948304,-0.4841333019887193
1,1,female,33.0,0,0,86.5,S,First,woman,False,yes,True,0.2839385126299676,1.0953053629426073
0,3,male,28.0,0,0,14.5,S,Third,man,True,no,True,-0.10133993241760961,-0.35427505611482435
0,3,male,41.0,0,0,7.125,S,Third,man,True,no,True,0.9003840247060911,-0.5027563837613321
1,3,male,20.0,0,0,7.2292,C,Third,man,True,yes,True,-0.7177854444937332,-0.500658518765974
1,1,female,36.0,1,2,120.0,S,First,woman,False,yes,False,0.5151055796585139,1.769762919031829
0,3,male,16.0,0,0,7.775,S,Third,man,True,no,True,-1.026008200531795,-0.48966989386706367
1,1,female,51.0,1,0,77.9583,S,First,woman,False,yes,False,1.6709409148012455,0.9233347925889563
0,1,male,28.0,0,0,39.6,C,First,man,True,no,True,-0.10133993241760961,0.151064784417697
0,3,female,30.5,0,0,7.75,Q,Third,woman,False,no,True,0.091299290106179,-0.49017322040145855
0,3,male,28.0,1,0,24.15,Q,Third,man,True,no,False,-0.10133993241760961,-0.15999101383837694
0,3,male,32.0,0,0,8.3625,S,Third,man,True,no,True,0.20688282362045216,-0.47784172030878247
0,3,male,24.0,0,0,9.5,S,Third,man,True,no,True,-0.4095626884556714,-0.4549403629938127
0,3,male,48.0,0,0,7.8542,S,Third,man,True,no,True,1.4397738477726993,-0.4880753554061005
0,2,female,57.0,0,0,10.5,S,Second,woman,False,no,True,2.133275048858338,-0.434807301618015
0,3,male,28.0,0,0,7.225,C,Third,man,True,no,True,-0.10133993241760961,-0.5007430776237524
1,2,female,54.0,1,3,23.0,S,Second,woman,False,yes,False,1.902107981829792,-0.18314403442054422
0,3,male,18.0,0,0,7.75,S,Third,man,True,no,True,-0.871896822512764,-0.49017322040145855
0,3,male,28.0,0,0,7.75,Q,Third,man,True,no,True,-0.10133993241760961,-0.49017322040145855
1,3,female,5.0,0,0,12.475,S,Third,child,False,yes,True,-1.8736207796364648,-0.3950445054008146
0,3,male,28.0,0,0,7.7375,Q,Third,man,True,no,True,-0.10133993241760961,-0.49042488366865605
1,1,female,43.0,0,1,211.3375,S,First,woman,False,yes,False,1.054495402725122,3.608666412443748
1,3,female,13.0,0,0,7.2292,C,Third,child,False,yes,True,-1.2571752675603414,-0.500658518765974
1,1,female,17.0,1,0,57.0,S,First,woman,False,yes,False,-0.9489525115222794,0.5013800523565762
0,1,male,29.0,0,0,30.0,S,First,man,True,no,True,-0.024284243408094167,-0.0422126047899606
0,3,male,28.0,1,2,23.45,S,Third,man,True,no,False,-0.10133993241760961,-0.1740841568014353
0,3,male,25.0,0,0,7.05,S,Third,man,True,no,True,-0.3325069994461559,-0.5042663633645169
0,3,male,25.0,0,0,7.25,S,Third,man,True,no,True,-0.3325069994461559,-0.5002397510893574
1,3,female,18.0,0,0,7.4958,S,Third,woman,False,yes,True,-0.871896822512764,-0.49529104460318635
0,3,male,8.0,4,1,29.125,Q,Third,child,False,no,False,-1.6424537126079184,-0.05982903349378355
1,3,male,1.0,1,2,20.575,S,Third,child,False,yes,False,-2.1818435356745267,-0.2319667082568536
0,1,male,46.0,0,0,79.2,C,First,man,True,no,True,1.2856624697536683,0.9483340148992845
0,3,male,28.0,0,0,7.75,Q,Third,man,True,no,True,-0.10133993241760961,-0.49017322040145855
0,2,male,16.0,0,0,26.0,S,Second,man,True,no,True,-1.026008200531795,-0.12274485029315124
0,3,female,28.0,8,2,69.55,S,Third,woman,False,no,False,-0.10133993241760961,0.7540499726228369
0,1,male,28.0,0,0,30.6958,C,First,man,True,no,True,-0.10133993241760961,-0.028204020684680614
0,3,male,25.0,0,0,7.8958,S,Third,man,True,no,True,-0.3325069994461559,-0.48723782005286725
0,2,male,39.0,0,0,13.0,S,Second,man,True,no,True,0.7462726466870603,-0.38447464817852084
1,1,female,49.0,0,0,25.9292,S,First,woman,False,yes,True,1.5168295367822147,-0.12417027103855768
1,3,female,31.0,0,0,8.6833,S,Third,woman,False,yes,True,0.12982713461093673,-0.4713830342194266
0,3,male,30.0,0,0,7.2292,C,Third,man,True,no,True,0.052771445601421274,-0.500658518765974
0,3,female,30.0,1,1,24.15,S,Third,woman,False,no,False,0.052771445601421274,-0.15999101383837694
0,2,male,34.0,0,0,13.0,S,Second,man,True,no,True,0.36099420163948304,-0.38447464817852084
1,2,female,31.0,1,1,26.25,S,Second,woman,False,yes,False,0.12982713461093673,-0.11771158494920184
1,1,male,11.0,1,2,120.0,S,First,child,False,yes,False,-1.4112866455793722,1.769762919031829
1,3,male,0.42,0,1,8.5167,C,Third,child,False,yes,False,-2.2265358353000453,-0.4747372022446345
1,3,male,27.0,0,0,6.975,S,Third,man,True,yes,True,-0.17839562142712506,-0.5057763429677017
0,3,male,31.0,0,0,7.775,S,Third,man,True,no,True,0.12982713461093673,-0.48966989386706367
0,1,male,39.0,0,0,0.0,S,First,man,True,no,True,0.7462726466870603,-0.6462044460638905
0,3,female,18.0,0,0,7.775,S,Third,woman,False,no,True,-0.871896822512764,-0.48966989386706367
0,2,male,39.0,0,0,13.0,S,Second,man,True,no,True,0.7462726466870603,-0.38447464817852084
1,1,female,33.0,1,0,53.1,S,First,woman,False,yes,False,0.2839385126299676,0.4228611129909654
0,3,male,26.0,0,0,7.8875,S,Third,man,True,no,True,-0.2554513104366405,-0.4874049244622864
0,3,male,39.0,0,0,24.15,S,Third,man,True,no,True,0.7462726466870603,-0.15999101383837694
0,2,male,35.0,0,0,10.5,S,Second,man,True,no,True,0.4380498906489985,-0.434807301618015
0,3,female,6.0,4,2,31.275,S,Third,child,False,no,False,-1.7965650906269495,-0.016542951535818605
0,3,male,30.5,0,0,8.05,S,Third,man,True,no,True,0.091299290106179,-0.4841333019887193
0,1,male,28.0,0,0,0.0,S,First,man,True,no,True,-0.10133993241760961,-0.6462044460638905
0,3,female,23.0,0,0,7.925,S,Third,woman,False,no,True,-0.4866183774651868,-0.48664993466069395
0,2,male,31.0,1,1,37.0042,C,Second,man,True,no,False,0.12982713461093673,0.09880338369840133
0,3,male,43.0,0,0,6.45,S,Third,man,True,no,True,1.054495402725122,-0.5163462001899956
0,3,male,10.0,3,2,27.9,S,Third,child,False,no,False,-1.4883423345888875,-0.08449203367913571
1,1,female,52.0,1,1,93.5,S,First,woman,False,yes,False,1.747996603810761,1.236236792573191
1,3,male,27.0,0,0,8.6625,S,Third,man,True,yes,True,-0.17839562142712506,-0.4718018018960432
0,1,male,38.0,0,0,0.0,S,First,man,True,no,True,0.6692169576775449,-0.6462044460638905
1,3,female,27.0,0,1,12.475,S,Third,woman,False,yes,False,-0.17839562142712506,-0.3950445054008146
0,3,male,2.0,4,1,39.6875,S,Third,child,False,no,False,-2.104787846665011,0.15282642728807924
0,3,male,28.0,0,0,6.95,Q,Third,man,True,no,True,-0.10133993241760961,-0.5062796695020967
0,3,male,28.0,0,0,56.4958,S,Third,man,True,no,True,-0.10133993241760961,0.4912289628108992
1,2,male,1.0,0,2,37.0042,C,Second,child,False,yes,False,-2.1818435356745267,0.09880338369840133
1,3,male,28.0,0,0,7.75,Q,Third,man,True,yes,True,-0.10133993241760961,-0.49017322040145855
1,3,female,15.0,1,0,14.4542,C,Third,child,False,yes,False,-1.1030638895413103,-0.3551971503258359
1,2,male,0.83,1,1,18.75,S,Second,child,False,yes,False,-2.1949430028061445,-0.2687095452676843
0,3,male,28.0,0,0,7.2292,C,Third,man,True,no,True,-0.10133993241760961,-0.500658518765974
0,3,male,23.0,0,0,7.8542,S,Third,man,True,no,True,-0.4866183774651868,-0.4880753554061005
0,3,male,18.0,0,0,8.3,S,Third,man,True,no,True,-0.871896822512764,-0.47910003664476986
1,1,female,39.0,1,1,83.1583,C,First,woman,False,yes,False,0.7462726466870603,1.0280267117431041
0,3,male,21.0,0,0,8.6625,S,Third,man,True,no,True,-0.6407297554842177,-0.4718018018960432
0,3,male,28.0,0,0,8.05,S,Third,man,True,no,True,-0.10133993241760961,-0.4841333019887193
1,3,male,32.0,0,0,56.4958,S,Third,man,True,yes,True,0.20688282362045216,0.4912289628108992
1,1,male,28.0,0,0,29.7,C,First,man,True,yes,True,-0.10133993241760961,-0.04825252320269991
0,3,male,20.0,0,0,7.925,S,Third,man,True,no,True,-0.7177854444937332,-0.48664993466069395
0,2,male,16.0,0,0,10.5,S,Second,man,True,no,True,-1.026008200531795,-0.434807301618015
1,1,female,30.0,0,0,31.0,C,First,woman,False,yes,True,0.052771445601421274,-0.022079543414162937
0,3,male,34.5,0,0,6.4375,C,Third,man,True,no,True,0.39952204614424075,-0.516597863457193
0,3,male,17.0,0,0,8.6625,S,Third,man,True,no,True,-0.9489525115222794,-0.4718018018960432
0,3,male,42.0,0,0,7.55,S,Third,man,True,no,True,0.9774397137156066,-0.4941998326766181
0,3,male,28.0,8,2,69.55,S,Third,man,True,no,False,-0.10133993241760961,0.7540499726228369
0,3,male,35.0,0,0,7.8958,C,Third,man,True,no,True,0.4380498906489985,-0.48723782005286725
0,2,male,28.0,0,1,33.0,S,Second,man,True,no,False,-0.10133993241760961,0.01818657933743239
1,1,female,28.0,1,0,89.1042,C,First,woman,False,yes,False,-0.10133993241760961,1.1477358813774596
0,3,male,4.0,4,2,31.275,S,Third,child,False,no,False,-1.9506764686459803,-0.016542951535818605
0,3,male,74.0,0,0,7.775,S,Third,man,True,no,True,3.443221762020101,-0.48966989386706367
0,3,female,9.0,1,1,15.2458,C,Third,child,False,no,False,-1.565398023598403,-0.33925981894075447
1,1,female,16.0,0,1,39.4,S,First,woman,False,yes,False,-1.026008200531795,0.1470381721425374
0,2,female,44.0,1,0,26.0,S,Second,woman,False,no,False,1.1315510917346374,-0.12274485029315124
1,3,female,18.0,0,1,9.35,S,Third,woman,False,yes,False,-0.871896822512764,-0.4579603222001823
1,1,female,45.0,1,1,164.8667,S,First,woman,False,yes,False,1.208606780744153,2.67306694386133
1,1,male,51.0,0,0,26.55,S,First,man,True,yes,True,1.6709409148012455,-0.11167166653646252
1,3,female,24.0,0,3,19.2583,C,Third,woman,False,yes,False,-0.4095626884556714,-0.25847591017036636
0,3,male,28.0,0,0,7.2292,C,Third,man,True,no,True,-0.10133993241760961,-0.500658518765974
0,3,male,41.0,2,0,14.1083,S,Third,man,True,no,False,0.9003840247060911,-0.3621611762557243
0,2,male,21.0,1,0,11.5,S,Second,man,True,no,False,-0.6407297554842177,-0.41467424024221733
1,1,female,48.0,0,0,25.9292,S,First,woman,False,yes,True,1.4397738477726993,-0.12417027103855768
0,3,female,28.0,8,2,69.55,S,Third,woman,False,no,False,-0.10133993241760961,0.7540499726228369
0,2,male,24.0,0,0,13.0,S,Second,man,True,no,True,-0.4095626884556714,-0.38447464817852084
1,2,female,42.0,0,0,13.0,S,Second,woman,False,yes,True,0.9774397137156066,-0.38447464817852084
1,2,female,27.0,1,0,13.8583,C,Second,woman,False,yes,False,-0.17839562142712506,-0.36719444159967374
0,1,male,31.0,0,0,50.4958,S,First,man,True,no,True,0.12982713461093673,0.37043059455611316
0,3,male,28.0,0,0,9.5,S,Third,man,True,no,True,-0.10133993241760961,-0.4549403629938127
1,3,male,4.0,1,1,11.1333,S,Third,child,False,yes,False,-1.9506764686459803,-0.4220570338487224
0,3,male,26.0,0,0,7.8958,S,Third,man,True,no,True,-0.2554513104366405,-0.48723782005286725
1,1,female,47.0,1,1,52.5542,S,First,woman,False,yes,False,1.3627181587631838,0.41187248809205507
0,1,male,33.0,0,0,5.0,S,First,man,True,no,True,0.2839385126299676,-0.5455391391849022
0,3,male,47.0,0,0,9.0,S,Third,man,True,no,True,1.3627181587631838,-0.4650068936817115
1,2,female,28.0,1,0,24.0,C,Second,woman,False,yes,False,-0.10133993241760961,-0.16301097304474657
1,3,female,15.0,0,0,7.225,C,Third,child,False,yes,True,-1.1030638895413103,-0.5007430776237524
0,3,male,20.0,0,0,9.8458,S,Third,man,True,no,True,-0.7177854444937332,-0.44797835037006184
0,3,male,19.0,0,0,7.8958,S,Third,man,True,no,True,-0.7948411335032486,-0.48723782005286725
0,3,male,28.0,0,0,7.8958,S,Third,man,True,no,True,-0.10133993241760961,-0.48723782005286725
1,1,female,56.0,0,1,83.1583,C,First,woman,False,yes,False,2.0562193598488228,1.0280267117431041
1,2,female,25.0,0,1,26.0,S,Second,woman,False,yes,False,-0.3325069994461559,-0.12274485029315124
0,3,male,33.0,0,0,7.8958,S,Third,man,True,no,True,0.2839385126299676,-0.48723782005286725
0,3,female,22.0,0,0,10.5167,S,Third,woman,False,no,True,-0.5636740664747023,-0.4344710794930392
0,2,male,28.0,0,0,10.5,S,Second,man,True,no,True,-0.10133993241760961,-0.434807301618015
0,3,male,25.0,0,0,7.05,S,Third,man,True,no,True,-0.3325069994461559,-0.5042663633645169
0,3,female,39.0,0,5,29.125,Q,Third,woman,False,no,False,0.7462726466870603,-0.05982903349378355
0,2,male,27.0,0,0,13.0,S,Second,man,True,no,True,-0.17839562142712506,-0.38447464817852084
1,1,female,19.0,0,0,30.0,S,First,woman,False,yes,True,-0.7948411335032486,-0.0422126047899606
0,3,female,28.0,1,2,23.45,S,Third,woman,False,no,False,-0.10133993241760961,-0.1740841568014353
1,1,male,26.0,0,0,30.0,C,First,man,True,yes,True,-0.2554513104366405,-0.0422126047899606
0,3,male,32.0,0,0,7.75,Q,Third,man,True,no,True,0.20688282362045216,-0.49017322040145855
